team_id,player_id,player_name,position,minutes_played,goals_scored,minutes_per_goal
33,153434,W. Fish,Defender,0,0,
33,889,V. Lindelöf,Defender,693,0,
33,284324,A. Garnacho,Attacker,2196,6,366.0
33,402329,A. Heaven,Defender,170,0,
33,2931,T. Heaton,Goalkeeper,0,0,
33,37145,T. Malacia,Defender,101,0,
33,2935,H. Maguire,Defender,1764,1,1764.0
33,532,M. de Ligt,Defender,2128,2,1064.0
33,891,L. Shaw,Defender,348,0,
33,342970,L. Yoro,Defender,1169,0,
33,382452,P. Dorgu,Defender,842,0,
33,886,Diogo Dalot,Defender,2814,0,
33,2467,Lisandro Martínez,Defender,1754,2,877.0
33,1485,Bruno Fernandes,Midfielder,3024,8,378.0
33,19220,M. Mount,Midfielder,625,1,625.0
33,284322,K. Mainoo,Midfielder,1656,0,
33,51494,M. Ugarte,Midfielder,1796,1,1796.0
33,18,J. Sancho,Attacker,0,0,
33,157997,A. Diallo,Attacker,1901,8,237.6
33,70100,J. Zirkzee,Attacker,1406,3,468.7
33,9971,Antony,Attacker,133,0,
33,288006,R. Højlund,Attacker,2022,4,505.5
33,1165,Matheus Cunha,Attacker,2600,15,173.3
33,284400,Tobias Christopher Collyer,Midfielder,175,0,
34,383685,Y. Minteh,Attacker,0,0,
34,138908,E. Anderson,Midfielder,0,0,
34,18873,R. Fraser,Midfielder,0,0,
34,2864,A. Isak,Attacker,2769,23,120.4
34,18911,N. Pope,Goalkeeper,2520,0,
34,18941,M. Targett,Defender,20,0,
34,169,K. Trippier,Defender,1310,0,
34,2855,E. Krafth,Defender,349,0,
34,18894,J. Lascelles,Defender,0,0,
34,284492,L. Hall,Defender,2192,0,
34,38734,S. Botman,Defender,418,0,
34,18961,D. Burn,Defender,3330,1,3330.0
34,2806,F. Schär,Defender,2937,4,734.2
34,31146,S. Tonali,Midfielder,2631,4,657.8
34,328105,L. Miley,Midfielder,324,1,324.0
34,723,Joelinton,Midfielder,2404,4,601.0
34,18778,H. Barnes,Midfielder,1766,9,196.2
34,19163,J. Murphy,Midfielder,2379,8,297.4
34,19192,J. Ramsey,Midfielder,1628,1,1628.0
34,1463,J. Willock,Midfielder,1075,0,
34,138787,A. Gordon,Attacker,2444,6,407.3
34,18886,M. Dúbravka,Goalkeeper,900,0,
34,2939,C. Wilson,Attacker,368,0,
34,138906,J. White,Midfielder,0,0,
35,284797,D. Ouattara,Attacker,2007,7,286.7
35,2273,Kepa,Goalkeeper,2790,0,
35,18883,D. Solanke,Attacker,0,0,
35,18869,A. Smith,Defender,1597,0,
35,51051,J. Araujo,Defender,516,0,
35,6610,M. Senesi,Defender,1118,0,
35,20093,J. Hill,Defender,448,0,
35,363333,J. Soler,Defender,24,0,
35,1150,T. Adams,Midfielder,1965,0,
35,304853,A. Scott,Midfielder,751,0,
35,1125,R. Christie,Midfielder,2131,2,1065.5
35,18872,L. Cook,Midfielder,2978,1,2978.0
35,19245,M. Tavernier,Midfielder,1938,3,646.0
35,18870,D. Brooks,Midfielder,949,2,474.5
35,19281,A. Semenyo,Attacker,3209,11,291.7
35,37161,L. Sinisterra,Attacker,229,1,229.0
35,792,J. Kluivert,Attacker,2356,12,196.3
35,152856,Evanilson,Attacker,2335,10,233.5
35,161671,I. Zabarnyi,Defender,3112,0,
35,912,Neto,Goalkeeper,180,0,
35,47499,E. Ünal,Forward,345,2,172.5
36,138822,A. Broja,Attacker,0,0,
36,19004,B. De Cordova-Reid,Attacker,0,0,
36,727,R. Nelson,Attacker,486,1,486.0
36,152967,C. Bassey,Defender,3074,1,3074.0
36,2729,J. Andersen,Defender,2584,0,
36,657,K. Tete,Defender,1779,0,
36,131,Jorge Cuenca,Defender,358,0,
36,2920,T. Castagne,Defender,1651,0,
36,2823,S. Lukić,Midfielder,2356,0,
36,899,Andreas Pereira,Midfielder,2024,2,1012.0
36,1934,S. Berge,Midfielder,2232,0,
36,1161,E. Smith Rowe,Midfielder,2061,6,343.5
36,19025,T. Cairney,Midfielder,632,2,316.0
36,19480,H. Reed,Midfielder,99,0,
36,19221,H. Wilson,Attacker,1163,6,193.8
36,195106,Rodrigo Muniz,Attacker,950,8,118.8
36,18753,Adama Traoré,Attacker,1794,2,897.0
36,104,Carlos Vinícius,Forward,33,0,
39,19143,S. Johnstone,Goalkeeper,630,0,
39,1165,Matheus Cunha,Attacker,2603,15,173.5
39,21138,R. Aït-Nouri,Defender,3129,4,782.2
39,1864,Pedro Neto,Attacker,0,0,
39,1590,José Sá,Goalkeeper,2609,0,
39,41606,Toti Gomes,Defender,2616,0,
39,195717,Y. Mosquera,Defender,442,0,
39,449245,Pedro Lima,Defender,70,0,
39,135068,E. Agbadou,Defender,1411,1,1411.0
39,282770,Rodrigo Gomes,Defender,823,2,411.5
39,20665,J. Bellegarde,Midfielder,1706,2,853.0
39,195103,João Gomes,Midfielder,2987,3,995.7
39,24888,Hwang Hee-Chan,Attacker,650,2,325.0
39,7722,S. Kalajdzic,Attacker,0,0,
39,385726,E. González,Attacker,0,0,
39,2032,J. Strand Larsen,Attacker,2601,14,185.8
39,144732,T. Doyle,Midfielder,521,0,
39,380653,L. Chiwome,Attacker,0,0,
39,388777,B. Meupiyou,Defender,0,0,
39,2056,Pablo Sarabia,Midfielder,805,3,268.3
39,925,Gonçalo Guedes,Attacker,985,2,492.5
39,157912,B. Traoré,Midfielder,0,0,
39,18947,M. Lemina,Midfielder,1363,1,1363.0
39,130,Nélson Semedo,Defender,2891,0,
40,280,Alisson Becker,Goalkeeper,2509,0,
40,1600,K. Tsimikas,Defender,834,0,
40,180317,C. Bradley,Defender,748,0,
40,284,J. Gomez,Defender,518,0,
40,1145,I. Konaté,Defender,2565,1,2565.0
40,293,C. Jones,Midfielder,1735,3,578.3
40,6716,A. Mac Allister,Midfielder,2607,5,521.4
40,19035,H. Elliott,Midfielder,356,1,356.0
40,1096,D. Szoboszlai,Midfielder,2495,6,415.8
40,30410,F. Chiesa,Attacker,104,0,
40,36922,S. van den Berg,Defender,0,0,
40,153066,Fábio Carvalho,Midfielder,0,0,
40,162590,T. Morton,Midfielder,0,0,
40,334729,B. Clark,Midfielder,0,0,
40,2678,Diogo Jota,Attacker,1194,6,199.0
40,51617,D. Núñez,Attacker,1119,5,223.8
40,283,T. Alexander-Arnold,Defender,2377,3,792.3
40,247,C. Gakpo,Attacker,1945,10,194.5
41,304317,T. Dibling,Midfielder,1872,2,936.0
41,20355,A. Ramsdale,Goalkeeper,2700,0,
41,270508,L. Ugochukwu,Midfielder,1663,1,1663.0
41,171,K. Walker-Peters,Defender,2922,0,
41,336585,Mateus Fernandes,Midfielder,2922,2,1461.0
41,665,M. Cornet,Attacker,71,0,
41,144729,T. Harwood-Bellis,Defender,2828,1,2828.0
41,18873,R. Fraser,Midfielder,307,0,
41,263177,A. Grønbæk,Midfielder,143,0,
41,130421,W. Smallbone,Midfielder,682,1,682.0
41,18918,C. Taylor,Defender,351,0,
41,18940,J. Stephens,Defender,1393,1,1393.0
41,19248,N. Wood-Gordon,Defender,774,0,
41,19719,J. Bree,Defender,1076,0,
41,19733,F. Downes,Midfielder,2156,1,2156.0
41,45078,R. Stewart,Attacker,385,1,385.0
41,295,A. Lallana,Midfielder,357,0,
41,284264,Juan Larios,Defender,0,0,
41,2999,J. Bednarek,Defender,2535,2,1267.5
41,199837,K. Sulemana,Attacker,1405,1,1405.0
41,105971,G. Bazunu,Goalkeeper,0,0,
41,15812,P. Onuachu,Forward,1067,4,266.8
42,1161,E. Smith Rowe,Midfielder,0,0,
42,1468,E. Nketiah,Attacker,0,0,
42,2273,Kepa,Goalkeeper,2790,0,
42,38746,J. Timber,Defender,2423,1,2423.0
42,19959,B. White,Defender,1213,0,
42,313245,M. Lewis-Skelly,Defender,1370,1,1370.0
42,22224,Gabriel Magalhães,Defender,2366,3,788.7
42,22090,W. Saliba,Defender,3042,2,1521.0
42,641,O. Zinchenko,Defender,542,0,
42,157052,R. Calafiori,Defender,984,2,492.0
42,2937,D. Rice,Midfielder,2833,4,708.2
42,41725,Fábio Vieira,Midfielder,0,0,
42,313236,E. Nwaneri,Midfielder,946,4,236.5
42,37127,M. Ødegaard,Midfielder,2331,3,777.0
42,47311,Mikel Merino,Midfielder,1581,7,225.9
42,727,R. Nelson,Attacker,2,0,
42,643,Gabriel Jesus,Attacker,603,3,201.0
42,1460,B. Saka,Attacker,1735,6,289.2
42,978,K. Havertz,Attacker,1875,9,208.3
42,127769,Gabriel Martinelli,Attacker,2298,8,287.2
42,402329,A. Heaven,Defender,0,0,
42,20355,A. Ramsdale,Goalkeeper,0,0,
42,645,R. Sterling,Attacker,496,0,
42,1117,K. Tierney,Defender,250,1,250.0
42,2597,T. Tomiyasu,Defender,16,0,
42,912,Neto,Goalkeeper,0,0,
42,2289,Jorginho,Midfielder,705,0,
45,162714,A. Onana,Midfielder,0,0,
45,138417,N. Patterson,Defender,343,0,
45,17661,J. Branthwaite,Defender,2510,0,
45,18758,S. Coleman,Defender,215,0,
45,2936,J. Tarkowski,Defender,2924,1,2924.0
45,2990,I. Gueye,Midfielder,3070,0,
45,895,J. Garner,Midfielder,1595,0,
45,284500,T. Iroegbunam,Midfielder,563,0,
45,18929,D. McNeil,Attacker,1376,4,344.0
45,18592,I. Ndiaye,Attacker,2441,9,271.2
45,330412,Youssef Chermiti,Attacker,41,0,
45,18766,D. Calvert-Lewin,Attacker,1629,3,543.0
45,138822,A. Broja,Attacker,331,0,
45,24882,O. Mangala,Midfielder,1262,1,1262.0
45,894,A. Young,Defender,1868,1,1868.0
45,18805,A. Doucouré,Midfielder,2577,3,859.0
45,15884,J. Lindstrøm,Midfielder,1241,0,
46,148099,K. Dewsbury-Hall,Midfielder,0,0,
46,1135,O. Édouard,Attacker,25,0,
46,311334,F. Buonanotte,Midfielder,1515,5,303.0
46,19760,J. Justin,Defender,2920,2,1460.0
46,15870,M. Hermansen,Goalkeeper,2386,0,
46,19004,B. De Cordova-Reid,Attacker,740,1,740.0
46,18741,C. Coady,Defender,1714,1,1714.0
46,283290,K. McAteer,Midfielder,851,1,851.0
46,152970,J. Stolarczyk,Goalkeeper,900,0,
46,18943,J. Vestergaard,Defender,1395,0,
46,152969,L. Thomas,Defender,1113,0,
46,8694,W. Faes,Defender,2811,1,2811.0
46,18771,Ricardo Pereira,Defender,392,0,
46,18779,H. Choudhury,Midfielder,130,0,
46,182,H. Winks,Midfielder,1539,0,
46,22233,B. Soumaré,Midfielder,2171,0,
46,303467,A. Fatawu,Attacker,575,0,
46,3428,J. Ayew,Attacker,1642,5,328.4
46,879,S. Mavididi,Attacker,1615,4,403.8
46,1098,P. Daka,Attacker,721,1,721.0
46,18788,J. Vardy,Attacker,2840,9,315.6
46,20079,H. Souttar,Defender,0,0,
46,18786,W. Ndidi,Midfielder,2336,0,
47,31354,G. Vicario,Goalkeeper,2160,0,
47,164,B. Davies,Defender,1330,0,
47,19235,D. Spence,Defender,1788,1,1788.0
47,30776,C. Romero,Defender,1421,1,1421.0
47,152849,M. van de Ven,Defender,1018,0,
47,25287,K. Danso,Defender,842,0,
47,162498,R. Drăgușin,Defender,1253,0,
47,204039,D. Udogie,Defender,1933,0,
47,30435,D. Kulusevski,Midfielder,2390,7,341.4
47,18968,Y. Bissouma,Midfielder,1407,2,703.5
47,347316,L. Bergvall,Midfielder,1202,0,
47,863,R. Bentancur,Midfielder,1654,2,827.0
47,18784,J. Maddison,Midfielder,1817,9,201.9
47,336564,W. Odobert,Attacker,849,1,849.0
47,129711,B. Johnson,Attacker,2178,11,198.0
47,18883,D. Solanke,Attacker,2205,9,245.0
47,2413,Richarlison,Attacker,514,4,128.5
47,18932,F. Forster,Goalkeeper,630,0,
47,1166,T. Werner,Attacker,508,0,
47,186,Son Heung-Min,Attacker,2116,7,302.3
47,380690,M. Moore,Attacker,362,0,
47,162552,D. Scarlett,Attacker,0,0,
48,19130,K. Phillips,Midfielder,0,0,
48,18823,B. Johnson,Defender,0,0,
48,665,M. Cornet,Attacker,0,0,
48,129643,E. Ferguson,Attacker,150,0,
48,15911,M. Kudus,Midfielder,2604,5,520.8
48,2997,Ł. Fabiański,Goalkeeper,1160,0,
48,2284,Emerson,Defender,2132,2,1066.0
48,1445,K. Mavropanos,Defender,2038,0,
48,138,J. Todibo,Defender,1855,0,
48,1646,Lucas Paquetá,Midfielder,2384,4,596.0
48,1243,T. Souček,Midfielder,2572,9,285.8
48,2476,G. Rodríguez,Midfielder,1172,0,
48,19428,J. Bowen,Attacker,2979,13,229.2
48,25391,N. Füllkrug,Attacker,785,3,261.7
48,37724,C. Summerville,Attacker,779,1,779.0
48,18813,A. Cresswell,Defender,822,0,
48,19733,F. Downes,Midfielder,0,0,
48,18819,M. Antonio,Attacker,844,1,844.0
48,930,Carlos Soler,Midfielder,1403,1,1403.0
48,1231,V. Coufal,Defender,1062,0,
48,2938,J. Ward-Prowse,Midfielder,16,0,
48,2869,E. Álvarez,Midfielder,1783,0,
49,284428,O. Hutchinson,Attacker,0,0,
49,284492,L. Hall,Defender,0,0,
49,2273,Kepa,Goalkeeper,0,0,
49,136723,N. Madueke,Attacker,2049,7,292.7
49,422780,A. Anselmino,Defender,0,0,
49,19545,R. James,Defender,1063,1,1063.0
49,2933,B. Chilwell,Defender,262,1,262.0
49,22094,W. Fofana,Defender,1176,0,
49,161907,M. Gusto,Defender,1855,0,
49,47380,Marc Cucurella,Defender,2990,5,598.0
49,152953,L. Colwill,Defender,3150,2,1575.0
49,95,B. Badiashile,Defender,333,0,
49,63577,M. Mudryk,Midfielder,158,0,
49,5996,E. Fernández,Midfielder,2948,6,491.3
49,138935,C. Chukwuemeka,Midfielder,0,0,
49,152982,C. Palmer,Midfielder,3199,15,213.3
49,282125,R. Lavia,Midfielder,803,0,
49,1864,Pedro Neto,Attacker,2267,4,566.8
49,392270,Marc Guiu,Attacker,71,0,
49,269,C. Nkunku,Attacker,912,3,304.0
49,10329,João Pedro,Attacker,1953,10,195.3
49,284324,A. Garnacho,Attacker,2195,6,365.8
49,283058,N. Jackson,Attacker,2238,10,223.8
49,148099,K. Dewsbury-Hall,Midfielder,256,0,
49,18,J. Sancho,Attacker,1764,3,588.0
49,270508,L. Ugochukwu,Midfielder,0,0,
49,138822,A. Broja,Attacker,0,0,
50,144729,T. Harwood-Bellis,Defender,0,0,
50,161948,L. Delap,Attacker,0,0,
50,626,J. Stones,Defender,545,2,272.5
50,21138,R. Aït-Nouri,Defender,3128,4,782.0
50,18861,N. Aké,Defender,688,0,
50,5,M. Akanji,Defender,2020,0,
50,284230,R. Lewis,Defender,1897,1,1897.0
50,567,Rúben Dias,Defender,2273,0,
50,19130,K. Phillips,Midfielder,0,0,
50,41621,Matheus Nunes,Midfielder,1682,1,1682.0
50,278133,Oscar Bobb,Midfielder,13,0,
50,414385,C. Echeverri,Midfielder,11,0,
50,2291,M. Kovačić,Midfielder,2207,6,367.8
50,631,P. Foden,Midfielder,1786,7,255.1
50,44,Rodri,Midfielder,80,0,
50,266657,Sávio,Attacker,1770,1,1770.0
50,1422,J. Doku,Attacker,1532,3,510.7
50,1100,E. Haaland,Attacker,2741,22,124.6
50,19187,J. Grealish,Midfielder,735,1,735.0
50,627,K. Walker,Defender,973,0,
50,629,K. De Bruyne,Midfielder,1715,4,428.8
51,10329,João Pedro,Attacker,1955,10,195.5
51,311334,F. Buonanotte,Midfielder,0,0,
51,301771,S. Adingra,Attacker,1090,2,545.0
51,18960,J. Steele,Goalkeeper,180,0,
51,129058,B. Verbruggen,Goalkeeper,3240,0,
51,138815,T. Lamptey,Defender,861,2,430.5
51,19265,A. Webster,Defender,888,0,
51,7600,Igor,Defender,967,0,
51,18963,L. Dunk,Defender,2083,0,
51,38695,J. van Hecke,Defender,2961,1,2961.0
51,537,J. Veltman,Defender,1699,0,
51,278370,D. Gómez,Midfielder,512,1,512.0
51,305730,J. Hinshelwood,Midfielder,1854,5,370.8
51,19030,M. O&apos;Riley,Midfielder,938,2,469.0
51,296,J. Milner,Midfielder,173,0,
51,328225,B. Gruda,Midfielder,698,1,698.0
51,18973,S. March,Midfielder,168,0,
51,356041,C. Baleba,Midfielder,2670,3,890.0
51,70747,J. Enciso,Midfielder,286,0,
51,92993,M. Wieffer,Midfielder,1045,1,1045.0
51,383685,Y. Minteh,Attacker,1855,6,309.2
51,90590,G. Rutter,Attacker,1672,5,334.4
51,1469,D. Welbeck,Attacker,2122,10,212.2
51,129643,E. Ferguson,Attacker,261,1,261.0
52,2933,B. Chilwell,Defender,253,1,253.0
52,19586,E. Eze,Midfielder,2603,8,325.4
52,278898,C. Riad,Defender,90,0,
52,67971,M. Guéhi,Defender,3060,3,1020.0
52,126949,C. Richards,Defender,1925,1,1925.0
52,13736,D. Muñoz,Defender,3233,4,808.2
52,18862,N. Clyne,Defender,479,0,
52,288102,A. Wharton,Midfielder,1336,0,
52,3339,C. Doucouré,Midfielder,462,0,
52,2601,D. Kamada,Midfielder,1593,0,
52,2490,J. Lerma,Midfielder,2290,0,
52,402640,R. Esse,Midfielder,146,1,146.0
52,311157,Matheus França,Attacker,52,1,52.0
52,1135,O. Édouard,Attacker,115,0,
52,25927,J. Mateta,Attacker,2658,14,189.9
52,1468,E. Nketiah,Attacker,0,0,
52,19720,T. Chalobah,Defender,1063,3,354.3
52,2729,J. Andersen,Defender,90,0,
52,19143,S. Johnstone,Goalkeeper,0,0,
52,3428,J. Ayew,Attacker,20,0,
52,18847,J. Ward,Defender,71,0,
52,50999,M. Turner,Goalkeeper,0,0,
52,1440,R. Holding,Defender,0,0,
52,18806,W. Hughes,Midfielder,2118,0,
55,30407,C. Nørgaard,Midfielder,2829,5,565.8
55,284797,D. Ouattara,Attacker,2014,7,287.7
55,20649,Y. Wissa,Attacker,2929,19,154.2
55,1119,K. Ajer,Defender,1460,0,
55,342022,M. Kayode,Defender,527,0,
55,19789,E. Pinnock,Defender,1913,2,956.5
55,36922,S. van den Berg,Defender,2588,0,
55,44871,A. Hickey,Defender,0,0,
55,19346,R. Henry,Defender,93,0,
55,153066,Fábio Carvalho,Midfielder,444,2,222.0
55,25073,V. Janelt,Midfielder,2287,1,2287.0
55,47438,M. Jensen,Midfielder,853,0,
55,427736,Gustavo Gomes,Attacker,11,0,
55,196156,Thiago,Attacker,174,0,
55,382925,R. Trevitt,Midfielder,3,0,
55,18917,B. Mee,Defender,179,0,
55,19362,J. Dasilva,Midfielder,0,0,
55,19974,I. Toney,Attacker,0,0,
57,19130,K. Phillips,Midfielder,1239,0,
57,161948,L. Delap,Attacker,2612,12,217.7
57,70747,J. Enciso,Midfielder,878,2,439.0
57,284428,O. Hutchinson,Attacker,2594,3,864.7
57,19182,A. Tuanzebe,Defender,1717,0,
57,18823,B. Johnson,Defender,1366,1,1366.0
57,2752,M. Luongo,Midfielder,195,0,
57,126791,N. Broadhead,Attacker,697,2,348.5
57,20007,C. Chaplin,Attacker,869,1,869.0
57,326763,C. Humphreys,Midfielder,0,0,
57,299813,Ali Al Hamadi,Attacker,144,0,
57,20167,J. Donacien,Defender,0,0,
57,19541,C. Walton,Goalkeeper,630,0,
57,127579,J. Greaves,Defender,2205,1,2205.0
57,19119,L. Davis,Defender,2746,1,2746.0
57,138836,H. Clarke,Defender,377,0,
57,18397,J. Taylor,Midfielder,846,1,846.0
57,19152,C. Townsend,Defender,342,0,
57,15797,J. Cajuste,Midfielder,1978,1,1978.0
57,17579,S. Szmodics,Attacker,1001,4,250.2
57,8794,G. Hirst,Attacker,649,3,216.3
57,138931,J. Philogene,Attacker,474,2,237.0
57,20089,W. Burns,Attacker,933,0,
57,19365,C. Ogbene,Attacker,240,0,
57,19558,Sam Morsy,Midfielder,2755,1,2755.0
57,616,A. Murić,Goalkeeper,1620,0,
65,24882,O. Mangala,Midfielder,0,0,
65,47547,Álex Moreno,Defender,959,0,
65,10373,Carlos Miguel,Goalkeeper,0,0,
65,18739,W. Boly,Defender,146,0,
65,363695,Murillo,Defender,3191,2,1595.5
65,2771,O. Aina,Defender,3002,2,1501.0
65,22149,I. Sangaré,Midfielder,597,0,
65,6056,N. Domínguez,Midfielder,1970,0,
65,19305,R. Yates,Midfielder,1905,2,952.5
65,138908,E. Anderson,Midfielder,2742,2,1371.0
65,18746,M. Gibbs-White,Midfielder,2822,7,403.1
65,380492,Eric Emanuel da Silva Moreira,Attacker,28,0,
65,2298,C. Hudson-Odoi,Attacker,2218,5,443.6
65,8598,T. Awoniyi,Attacker,477,1,477.0
65,18931,C. Wood,Attacker,2978,20,148.9
65,2938,J. Ward-Prowse,Midfielder,399,0,
65,50999,M. Turner,Goalkeeper,0,0,
65,275170,Danilo Santos,Midfielder,293,0,
66,284500,T. Iroegbunam,Midfielder,0,0,
66,329347,O. Kellyman,Midfielder,0,0,
66,19192,J. Ramsey,Midfielder,1631,1,1631.0
66,19599,E. Martínez,Goalkeeper,3196,0,
66,19354,E. Konsa,Defender,2937,2,1468.5
66,19179,T. Mings,Defender,1121,0,
66,19298,M. Cash,Defender,2077,1,2077.0
66,47547,Álex Moreno,Defender,0,0,
66,889,V. Lindelöf,Defender,725,0,
66,46815,Pau Torres,Defender,2020,0,
66,1904,B. Kamara,Midfielder,1735,1,1735.0
66,19191,J.  McGinn,Midfielder,2247,1,2247.0
66,162714,A. Onana,Midfielder,1631,3,543.7
66,2287,R. Barkley,Midfielder,566,3,188.7
66,2926,Y. Tielemans,Midfielder,3032,3,1010.7
66,19170,M. Rogers,Attacker,3129,8,391.1
66,983,L. Bailey,Attacker,1151,1,1151.0
66,138931,J. Philogene,Attacker,325,0,
66,21998,A. Disasi,Defender,488,0,
66,909,M. Rashford,Attacker,441,2,220.5
