league_id,league_name,season,team_id,team_name,played,goals_for_total,goals_for_avg,goals_against_total,goals_against_avg,goals_for_avg_home,goals_for_avg_away,goals_against_avg_home,goals_against_avg_away,form,clean_sheets_total,failed_to_score_total,yellow_cards_total,red_cards_total,yellow_cards_per_match
39,Premier League,2022,33,Manchester United,38,58,1.5,43,1.1,1.9,1.2,0.5,1.7,LLWWWWLWDWDWLWWWWWDLWDWWLDLWWWDWLLWWWW,17,7,78,2,2.05
39,Premier League,2022,34,Newcastle,38,68,1.8,33,0.9,1.9,1.7,0.7,1.0,WDDDLDDWWDWWWWWWDDWDDDLLWWWWWLWWWLDWDD,14,11,61,1,1.61
39,Premier League,2022,35,Bournemouth,38,37,1.0,71,1.9,1.1,0.9,1.5,2.3,WLLLDWDDWDLLLLWLLLLDLDWLLWLWLWWLWWLLLL,8,18,68,0,1.79
39,Premier League,2022,36,Fulham,38,55,1.4,53,1.4,1.6,1.3,1.5,1.3,DDWLWLWLLDWWDLLWWWWLLDWWDLLLLWWLLLWWDL,9,9,80,1,2.11
39,Premier League,2022,39,Wolves,38,31,0.8,58,1.5,1.0,0.6,1.1,2.0,LDLDDWLLLWLLDLLWLDWLWWLDLWLLDWWLWLWLDL,11,15,85,6,2.24
39,Premier League,2022,40,Liverpool,38,75,2.0,47,1.2,2.4,1.5,0.9,1.6,DDLWWDDLWWLLWWWWLLDLWWDWWLLDDWWWWWWWDD,14,8,57,1,1.5
39,Premier League,2022,41,Southampton,38,36,0.9,73,1.9,1.0,0.9,1.9,1.9,LDWLWLLLLDWDLLLLLLWLLLWLWDLDLLLDLLLLLD,4,15,73,0,1.92
39,Premier League,2022,42,Arsenal,38,88,2.3,43,1.1,2.8,1.8,1.3,0.9,WWWWWLWWWWDWWWWWDWWLDLWWWWWWWDDDLWWLLW,14,4,51,0,1.34
39,Premier League,2022,45,Everton,38,34,0.9,57,1.5,0.8,0.9,1.4,1.6,LLDDDDWWLLLWDLLLDLLLWLWLLDWDDLLDLDWLDW,9,14,81,2,2.13
39,Premier League,2022,46,Leicester,38,51,1.3,68,1.8,1.2,1.5,1.4,2.2,DLLLLLLWLDWWLWWLLLLDWWLLLLDLLLLWDDLLDW,7,12,63,2,1.66
39,Premier League,2022,47,Tottenham,38,70,1.8,63,1.7,1.9,1.7,1.3,2.0,WDWWDWWLWWLLWLWDLWLLWWLWWLWDDWLLDLWLLW,10,4,77,3,2.03
39,Premier League,2022,48,West Ham,38,42,1.1,55,1.4,1.4,0.8,1.3,1.6,LLLWDLLWWDLWLLLLLDLWDDLWLDWLWDWLLLWLWL,9,13,44,0,1.16
39,Premier League,2022,49,Chelsea,38,38,1.0,47,1.2,1.1,0.9,1.0,1.5,WDLWLWWWWDDLLLWDLLWDDDLLWWDLDLLLLWDLLD,10,14,81,3,2.13
39,Premier League,2022,50,Manchester City,38,94,2.5,33,0.9,3.2,1.8,0.9,0.8,WWDWWDWWWLWWWLWDWLWWLWWDWWWWWWWWWWWWDL,13,3,44,1,1.16
39,Premier League,2022,51,Brighton,38,72,1.9,53,1.4,1.9,1.8,1.1,1.7,WDWWLWDLLDLWWLWLWWDWDLWDWDWLWLWWLWLWDL,12,5,59,0,1.55
39,Premier League,2022,52,Crystal Palace,38,40,1.1,49,1.3,1.1,1.0,1.2,1.4,LDWLDDLWDWLWWLLWLLDDLDDDLLLLWWWDLWLWDD,9,16,83,3,2.18
39,Premier League,2022,55,Brentford,38,58,1.5,46,1.2,1.8,1.2,0.9,1.5,DWLDDWLDLWDLDDWDWWWDWDDWLWDDLLLDWWLWWW,12,9,57,1,1.5
39,Premier League,2022,63,Leeds,38,48,1.3,78,2.1,1.4,1.2,1.9,2.2,WDWLDLDLLLLWWLLDDLDLDLLWLDWLWLLLDLLDLL,5,10,89,3,2.34
39,Premier League,2022,65,Nottingham Forest,38,38,1.0,68,1.8,1.4,0.6,1.3,2.3,LWDLLLLLDLDWLDWLDWWDWLDLDLLDLLLLWLWDWD,8,12,84,0,2.21
39,Premier League,2022,66,Aston Villa,38,51,1.3,46,1.2,1.7,0.9,1.1,1.3,LWLLLDWDDLLWLWWLWDWWLLLWWDWWWWWDWLLWDW,12,8,80,1,2.11
39,Premier League,2023,33,Manchester United,38,57,1.5,58,1.5,1.6,1.4,1.5,1.6,WLWLLWLWWLWWWLWLDLWLDWWWWLLWDLDDWDLLWW,9,9,83,1,2.18
39,Premier League,2023,34,Newcastle,38,85,2.2,62,1.6,2.6,1.9,1.2,2.1,WLLLWWWDWDWLWWLLWLLLLWDWDLWLWDWWLWWDLW,10,5,78,1,2.05
39,Premier League,2023,35,Bournemouth,38,54,1.4,67,1.8,1.4,1.4,1.5,2.1,DLLDDLLLLWLWWDWWWWLLDDLDLWDWWWLDLWWLLL,9,7,79,3,2.08
39,Premier League,2023,36,Fulham,38,55,1.4,61,1.6,1.6,1.3,1.3,1.9,WLDLWDLWLDLLWLWWLLLWLDDWLWWLWDLLWLDDLW,10,13,84,4,2.21
39,Premier League,2023,39,Wolves,38,50,1.3,65,1.7,1.4,1.3,1.6,1.8,LLWLLDWDWDLWLLWDLWWWDLWLWWLWLDLDLLWLLL,5,9,103,4,2.71
39,Premier League,2023,40,Liverpool,38,86,2.3,41,1.1,2.6,1.9,0.9,1.3,DWWWWWLDWWDWDWWWDDWWWWLWWWWDWWDLWLDWDW,10,3,69,5,1.82
39,Premier League,2023,42,Arsenal,38,91,2.4,29,0.8,2.5,2.3,0.8,0.7,WWDWWDWWDWLWWWWLWDLLWWWWWWWWDWWLWWWWWW,18,5,64,2,1.68
39,Premier League,2023,44,Burnley,38,41,1.1,78,2.1,1.0,1.2,2.3,1.8,LLLDLLWLLLLLLWLDLWLLDLDLLLLDWDDLDWDLLL,2,12,77,7,2.03
39,Premier League,2023,45,Everton,38,40,1.1,51,1.3,1.2,0.9,0.9,1.7,LLLDLWLWLWDWLWWWWLLLDDDLDDLLLDWLWWWDWL,13,12,82,1,2.16
39,Premier League,2023,47,Tottenham,38,74,1.9,61,1.6,2.0,1.9,1.4,1.8,DWWWWDWWWWLLLDLWWWLWDWDWLWWLWDWLLLLWLW,7,4,92,4,2.42
39,Premier League,2023,48,West Ham,38,60,1.6,74,1.9,1.6,1.5,1.5,2.4,DWWWLLWDLLLWWDWLWWWDDDLLLWWDDLDWLLDLWL,5,8,82,3,2.16
39,Premier League,2023,49,Chelsea,38,77,2.0,63,1.7,2.3,1.7,1.4,1.9,DLWLDLWWDLWDLWLLWLWWWLLWDDWDWDWLDWWWWW,8,6,109,4,2.87
39,Premier League,2023,50,Manchester City,38,96,2.5,34,0.9,2.7,2.4,0.8,0.9,WWWWWWLLWWWDDDLWDWWWWWWDWWWDDWWWWWWWWW,13,3,53,2,1.39
39,Premier League,2023,51,Brighton,38,55,1.4,62,1.6,1.6,1.3,1.4,1.8,WWLWWWLDLDDDWLWDLDWDDLWLWDLWLDLDLLWDLL,6,10,90,3,2.37
39,Premier League,2023,52,Crystal Palace,38,57,1.5,58,1.5,1.9,1.1,1.4,1.7,WLDWLDWDLLWLLDLLDDLWLWLLDWLDDLLWWWDWWW,10,7,73,2,1.92
39,Premier League,2023,55,Brentford,38,56,1.5,65,1.7,1.5,1.4,1.8,1.6,DWDDLLDLWWWLLWLLLLLWLLWLLLDLLDDDWWLDWL,7,8,89,2,2.34
39,Premier League,2023,62,Sheffield Utd,38,35,0.9,104,2.7,1.0,0.8,3.0,2.5,LLLDLLLLLLWDLLLWLDLLDLLWLLLDDLDLLLLLLL,1,15,101,5,2.66
39,Premier League,2023,65,Nottingham Forest,38,49,1.3,67,1.8,1.4,1.2,1.6,1.9,LWLWDLDDDLWLLLLDLLWWLLDLWLLLDDWLDLLWLW,4,10,82,3,2.16
39,Premier League,2023,66,Aston Villa,38,76,2.0,61,1.6,2.5,1.5,1.5,1.7,LWWLWWWDWWLWWDWWWDLWDLWLWWWLDWLDWWDLDL,8,6,94,2,2.47
39,Premier League,2023,1359,Luton,38,52,1.4,85,2.2,1.5,1.3,1.9,2.5,LLLLDWLLDLDLWLLLWWLDWDLLLLDLDLLWLLLDLL,2,5,71,0,1.87
39,Premier League,2024,33,Manchester United,38,44,1.2,54,1.4,1.2,1.1,1.5,1.4,WLLWDLDWLDWDWLLWLLLDWLWLLDWDWLDLLDLLLW,10,15,86,3,2.26
39,Premier League,2024,34,Newcastle,38,68,1.8,47,1.2,2.1,1.5,1.1,1.4,WDWWLDDLLWWLDDLWWWWWWLWLLWLWWWWWLWDWLL,13,7,68,1,1.79
39,Premier League,2024,35,Bournemouth,38,58,1.5,46,1.2,1.2,1.8,0.8,1.6,DDWLLWLWDWLLWWWDWDDWDWWLWLLDLLDWDDWLLW,9,8,97,3,2.55
39,Premier League,2024,36,Fulham,38,54,1.4,54,1.4,1.4,1.4,1.6,1.3,LWDDWWLLDWWLDWDDDWDDLWLWWLWLWLWLLWLLWL,5,7,80,2,2.11
39,Premier League,2024,39,Wolves,38,54,1.4,69,1.8,1.4,1.4,1.7,1.9,LLDLLLLLDDWWLLLLWWDLLLLWLWLDWWWWWWLLLD,8,7,79,2,2.08
39,Premier League,2024,40,Liverpool,38,86,2.3,41,1.1,2.2,2.3,0.8,1.3,WWWLWWWWDWWWWDDWWWDDWWWDWDWWWWLWWWLDLD,14,1,67,3,1.76
39,Premier League,2024,41,Southampton,38,26,0.7,86,2.3,0.7,0.7,2.5,2.1,LLLLDLLLLWLLDLLLDLLLLLLWLLLLLDLLDLLDLL,3,16,89,3,2.34
39,Premier League,2024,42,Arsenal,38,69,1.8,34,0.9,1.8,1.8,0.9,0.9,WWDWDWWLDLDWWWDDWWWDWDWWWLDDWWDDWDLDWW,13,5,70,6,1.84
39,Premier League,2024,45,Everton,38,42,1.1,44,1.2,1.4,0.8,1.2,1.1,LLLLDWDWDLDDLWDDDLLLWWWDWDDDDLDWLLDWWW,12,15,82,2,2.16
39,Premier League,2024,46,Leicester,38,33,0.9,80,2.1,0.8,0.9,1.8,2.4,DLLDDLWWLDLLLWDLLLLLLLWLLLLLLLLDLLWDWL,3,17,87,0,2.29
39,Premier League,2024,47,Tottenham,38,64,1.7,65,1.7,1.8,1.5,1.8,1.6,DWLLWWLWLWLWDLLWLLDLLLLWWWLDLLWLLLDLLL,6,9,72,1,1.89
39,Premier League,2024,48,West Ham,38,46,1.2,62,1.6,1.2,1.2,1.8,1.5,LWLDLDWLWLDWLLWDDWLLWLDLLWWLDLDLDLDWLW,7,8,82,3,2.16
39,Premier League,2024,49,Chelsea,38,64,1.7,43,1.1,1.8,1.5,0.9,1.3,LWDWWWDLWDDWWWWWDLLDDWLWLLWWLWDDWWWLWW,11,7,101,2,2.66
39,Premier League,2024,50,Manchester City,38,72,1.9,44,1.2,2.3,1.5,1.2,1.1,WWWWDDWWWLLLLWDLLDWWDWWLWLWLDWDWWWWDWW,13,6,59,2,1.55
39,Premier League,2024,51,Brighton,38,66,1.7,59,1.6,1.6,1.9,1.4,1.7,WWDDDLWWDLWWDLDLDDDDWWLLWWWWDLLDLWDWWW,8,5,78,3,2.05
39,Premier League,2024,52,Crystal Palace,38,51,1.3,51,1.3,1.3,1.4,1.4,1.3,LLDDDLLLWDLDDWDWLDWDWWLWLWWWDWLLDDDWWD,11,8,80,4,2.11
39,Premier League,2024,55,Brentford,38,66,1.7,57,1.5,2.1,1.4,1.8,1.2,WLWLLDWLWLWDWLWLLDLWDLWLWWDLWLDDWWWWLD,8,8,62,1,1.63
39,Premier League,2024,57,Ipswich,38,36,0.9,82,2.2,0.7,1.2,2.3,2.0,LLDDDDLLLDWDLLLWLLWDLLLLDLLLLWLDLLDLLL,2,14,92,5,2.42
39,Premier League,2024,65,Nottingham Forest,38,58,1.5,46,1.2,1.4,1.7,0.8,1.6,DWDWDLDWWWLLWLWWWWWWDWLWLLDWWWLLWLDDWL,13,8,90,2,2.37
39,Premier League,2024,66,Aston Villa,38,58,1.5,51,1.3,1.8,1.3,1.1,1.6,WLWWWDDWDLLDLWWLWLDWWDDLDDWLWWWWWLWWWL,9,7,76,4,2.0
140,La Liga,2022,529,Barcelona,38,70,1.8,20,0.5,1.9,1.7,0.2,0.8,DWWWWWWWLWWWWWDWWWWWWWLWWWWDDWLWWWLLWL,26,4,85,6,2.24
140,La Liga,2022,530,Atletico Madrid,38,70,1.8,33,0.9,2.2,1.5,0.8,0.9,WLWDWLWWWDWLDLWLDWWDWWDWWWWWWLWWWLWDWD,13,5,92,8,2.42
140,La Liga,2022,531,Athletic Club,38,47,1.2,43,1.1,1.2,1.3,0.8,1.5,DWWLWWWDLDLWLWDDLLLWWLLDLWDWWWLDLLWLLD,11,16,82,5,2.16
140,La Liga,2022,532,Valencia,38,42,1.1,45,1.2,1.4,0.8,1.0,1.4,WLLWLWDWDDLLDWLLDLLLLLWLWLDLLWWLDWWLDD,7,12,92,8,2.42
140,La Liga,2022,533,Villarreal,38,59,1.6,40,1.1,1.9,1.2,0.9,1.2,WWDWLDDLWLWLLWWWDWLLLLWWDWWWLLWWDWWWLD,12,9,90,4,2.37
140,La Liga,2022,536,Sevilla,38,47,1.2,54,1.4,1.3,1.2,1.3,1.5,LDLLWDLDWDLLDLDWLWWLWDLLWLWDWWWLWWDDLL,9,7,120,13,3.16
140,La Liga,2022,538,Celta Vigo,38,43,1.1,53,1.4,1.4,0.9,1.1,1.7,DLWWLLWLLLDLLDDWDLWWLDWDWWDDLLWLLLLDLW,10,10,86,6,2.26
140,La Liga,2022,540,Espanyol,38,52,1.4,69,1.8,1.4,1.3,1.8,1.8,DLLWLLDDWLDDDLDDWWLDLWWLLLLLLDLWLLWDDD,6,4,99,10,2.61
140,La Liga,2022,541,Real Madrid,38,75,2.0,36,0.9,2.3,1.6,0.8,1.1,WWWWWWDWWWWDLWWLWDWLWWDDWLWLWWLWLWLWWD,13,5,72,3,1.89
140,La Liga,2022,543,Real Betis,38,46,1.2,41,1.1,1.4,1.1,0.9,1.2,WWWLWWLDWDLWDLDWLWLLWWWDDWLLWLDLWWDLWD,13,13,83,15,2.18
140,La Liga,2022,546,Getafe,38,34,0.9,45,1.2,1.1,0.7,1.1,1.3,LLDLWWLLDDDWDLWLLLLDDWLWDWDLDLLLWLDWWD,13,14,127,9,3.34
140,La Liga,2022,547,Girona,38,58,1.5,55,1.4,1.8,1.2,1.4,1.5,LWLDWLLLDLDDWWDDWLLWLWWLLDWDWLWWWDLDLL,4,8,92,3,2.42
140,La Liga,2022,548,Real Sociedad,38,51,1.3,35,0.9,1.4,1.3,0.8,1.0,WLWDLWWWWWLLDWWWWWDLWDLDDWLWLWDWWDWWLW,15,9,90,2,2.37
140,La Liga,2022,720,Valladolid,38,33,0.9,63,1.7,1.1,0.6,1.3,2.0,LDLWLLWDLWWLWLLLLLWWDLLWDLLDWWLLLLLWDD,9,18,93,6,2.45
140,La Liga,2022,723,Almeria,38,49,1.3,65,1.7,1.5,1.1,1.2,2.3,LDWLLLLWLWLWLWDLDDWLLLWLLDDWLLWLWLWLDD,4,10,98,4,2.58
140,La Liga,2022,724,Cadiz,38,30,0.8,53,1.4,1.0,0.6,1.2,1.6,LLLLLWDDDDLWDLDWDLWLWLWDDDLWLDLWLLWLWD,13,17,115,7,3.03
140,La Liga,2022,727,Osasuna,38,37,1.0,42,1.1,1.3,0.7,1.1,1.1,WWLWWLDLLWDWWLLDWDLDDLWDLLDWLWWLLWLWLW,11,15,93,7,2.45
140,La Liga,2022,728,Rayo Vallecano,38,45,1.2,53,1.4,1.5,0.9,1.2,1.6,DWLLWLWLDDWWWDDLWLWWDDLDLDDLWLWLWLLLWL,9,10,90,6,2.37
140,La Liga,2022,797,Elche,38,30,0.8,67,1.8,0.9,0.6,1.5,2.0,LDLLLLLDDLDLLLLLDDLWLLLWDLLLLLLWLWDDWD,4,16,99,12,2.61
140,La Liga,2022,798,Mallorca,38,37,1.0,43,1.1,1.2,0.8,0.6,1.6,DLWDLWLDLLWDWWLWLWLWLWLLDLDDWWLDLWLWLW,13,13,120,5,3.16
140,La Liga,2023,529,Barcelona,38,79,2.1,44,1.2,2.3,1.9,1.1,1.2,DWWWWWDWDWLWWDWLDWWWLWWDWWDWWWWLWLWWWW,17,2,87,2,2.29
140,La Liga,2023,530,Atletico Madrid,38,70,1.8,43,1.1,2.2,1.5,1.2,1.1,WDWLWWWWWWLWWLWLDWLWWWDLWDWLLWWLWWWWLW,13,8,88,5,2.32
140,La Liga,2023,531,Athletic Club,38,61,1.6,37,1.0,2.2,1.0,0.9,1.0,LWWDWWDLWLDWWDWDWWWWLDWDWLDWWLDDLWDLWW,18,9,81,5,2.13
140,La Liga,2023,532,Valencia,38,40,1.1,45,1.2,1.1,1.1,0.7,1.6,WWLLWDLLDWDWLDLLDWWWWLWLDDWLDWWLLLDLLD,13,13,64,5,1.68
140,La Liga,2023,533,Villarreal,38,65,1.7,65,1.7,1.9,1.5,1.7,1.7,LWLLWDLDLDWLLWDLLWLLDWDDDWWWWLDWWLWWDD,6,4,110,8,2.89
140,La Liga,2023,534,Las Palmas,38,33,0.9,47,1.2,1.1,0.7,1.1,1.4,DLDLLWLWWLWWDLWWDLLWWLDWLDDLLLLLLLLDDD,8,17,82,5,2.16
140,La Liga,2023,536,Sevilla,38,48,1.3,54,1.4,1.4,1.1,1.4,1.4,LLLWDWLDDDDDLDLLWLLLLDWWDLWDLWWWDWLLLL,8,10,108,4,2.84
140,La Liga,2023,538,Celta Vigo,38,46,1.2,57,1.5,1.1,1.3,1.2,1.8,LDLWLLDLDLLDLDDDWLWDLLWLLDWLWDLWLWLWWD,6,13,66,5,1.74
140,La Liga,2023,541,Real Madrid,38,87,2.3,26,0.7,2.5,2.1,0.5,0.9,WWWWWLWWWDWDWWWDWWWWWWDWDWDWWWWWWWWWDD,21,2,69,4,1.82
140,La Liga,2023,542,Alaves,38,36,0.9,46,1.2,1.2,0.7,1.0,1.4,LWLWLLDLDDLWLWDLLLDWWWLDDDLWLLLWWWDLWD,11,15,85,1,2.24
140,La Liga,2023,543,Real Betis,38,48,1.3,45,1.2,1.4,1.1,1.0,1.4,WDLWLDDWDDWWDWDDDDLWLWDWDWLLLLWWDWWDLD,13,8,87,3,2.29
140,La Liga,2023,546,Getafe,38,42,1.1,54,1.4,1.1,1.2,1.2,1.7,DLWLWLDDDDDWDWLWWDLLWLDWDLDLWLDDWLLLLL,10,15,136,10,3.58
140,La Liga,2023,547,Girona,38,85,2.2,46,1.2,2.8,1.7,1.1,1.4,DWWWWWWLWWWWWDWWWDWDWWDLLWLWLWLWWWDLWW,12,7,75,1,1.97
140,La Liga,2023,548,Real Sociedad,38,51,1.3,39,1.0,1.4,1.3,1.1,1.0,DDDWLWWWLWDLWWDWDDDLWDDLWLLWWWDDLWLWWL,15,10,98,2,2.58
140,La Liga,2023,715,Granada CF,38,38,1.0,79,2.1,1.3,0.7,1.7,2.5,LLWLLLDDDLLLDLLDLLWLLLDDDLLLLLWDWLLLLL,3,16,98,4,2.58
140,La Liga,2023,723,Almeria,38,43,1.1,75,2.0,1.2,1.1,1.9,2.1,LLDLLDLDLLLLLLDLDLLDLLLDDDLDWLDLLWLLDW,6,12,93,6,2.45
140,La Liga,2023,724,Cadiz,38,26,0.7,55,1.4,0.8,0.5,1.0,1.9,WLDWLDDLLLDLLDDDDDLLLDDLLDDWLWLLDLWWDL,10,18,107,7,2.82
140,La Liga,2023,727,Osasuna,38,45,1.2,56,1.5,1.0,1.4,1.4,1.6,WLWLLDLWLWLLDLDDWLWWDLLWWDWLLWLLLLDDWD,10,10,77,5,2.03
140,La Liga,2023,728,Rayo Vallecano,38,29,0.8,48,1.3,0.9,0.6,1.4,1.2,WWLLWDDDDWDDLDLDLLWLDLLLDLDLWDDWLLDWLL,13,19,107,5,2.82
140,La Liga,2023,798,Mallorca,38,33,0.9,44,1.2,0.9,0.8,0.8,1.5,DLLDWLDDDLDLLDDWDWLDDLLWLDWLWDLLDLWDDW,10,15,105,4,2.76
140,La Liga,2024,529,Barcelona,38,102,2.7,39,1.0,2.7,2.6,1.1,1.0,WWWWWWWLWWWWLDLWDLLDWWWWWWWWWDWWWWWWLW,13,2,63,3,1.66
140,La Liga,2024,530,Atletico Madrid,38,68,1.8,30,0.8,2.2,1.4,0.8,0.8,DWDWWDWDDWLWWWWWWWWLDWDDWWLLDWWLWDWLWW,17,6,75,3,1.97
140,La Liga,2024,531,Athletic Club,38,54,1.4,29,0.8,1.7,1.2,0.7,0.8,DLWLWWWDLWDDDWWWWDWWDDWDWLDWDDWLWDWWWL,15,9,64,3,1.68
140,La Liga,2024,532,Valencia,38,44,1.2,54,1.4,1.4,0.9,1.1,1.8,LLLDLWDLDLDWLLLDDLDWLWWDLDWDWWWDDWWLLD,8,10,85,1,2.24
140,La Liga,2024,533,Villarreal,38,71,1.9,51,1.3,2.3,1.5,1.4,1.3,DWWDWLWWLDWWDDLLDWLWDWWDWLLWDWDLWWWWWW,7,6,96,4,2.53
140,La Liga,2024,534,Las Palmas,38,40,1.1,61,1.6,1.1,1.0,1.5,1.7,DLDLLLDLLWWLWLWWDWLLDLLLLDLDDLWWLLLLLL,4,11,110,4,2.89
140,La Liga,2024,536,Sevilla,38,42,1.1,55,1.4,0.9,1.3,1.2,1.7,DLDLWLWDWLWLLWDLWLDWDDLWDDWLLLLDLDLWLL,10,9,98,8,2.58
140,La Liga,2024,537,Leganes,38,39,1.0,56,1.5,1.2,0.8,1.4,1.5,DWDLLLDDDLWLWLDLWLDWDLLDLWLLLDLDDDWLWW,11,14,82,6,2.16
140,La Liga,2024,538,Celta Vigo,38,59,1.6,57,1.5,1.7,1.4,1.1,1.9,WWLLWLLDWLLWDDLWLWLLDLWDWDWWDWLLWLWWLW,8,4,84,6,2.21
140,La Liga,2024,540,Espanyol,38,40,1.1,51,1.3,1.2,0.9,1.1,1.6,LLDWWLLLWLLLLWLDDLDWDWLDWDLDWWWDLLLLLW,8,11,88,1,2.32
140,La Liga,2024,541,Real Madrid,38,78,2.1,38,1.0,2.4,1.7,1.0,1.0,DWDWWWWDWWLWWWLWDWWWWLDDWLWWWLWWWWLWWW,15,2,57,4,1.5
140,La Liga,2024,542,Alaves,38,38,1.0,48,1.3,0.7,1.3,0.9,1.6,LDWWLWLLLLLWLLDDDDLWDLLDLDWDLWLDWDLWWD,9,13,107,5,2.82
140,La Liga,2024,543,Real Betis,38,57,1.5,50,1.3,1.7,1.3,1.1,1.5,DDLWWLDWLWWDDLLDWDLLWDLWWWWWWDLWWWDDLD,7,5,75,4,1.97
140,La Liga,2024,546,Getafe,38,34,0.9,39,1.0,0.8,1.0,1.0,1.1,DDDLLDLWDDDLLWLWLLWDWDWWLLWWLWLLLLLLWL,9,16,110,7,2.89
140,La Liga,2024,547,Girona,38,44,1.2,60,1.6,1.4,0.9,1.6,1.6,DLWWLLDDWLLWWWDLLWWLLWLLLDDDLLLLDWLWLL,8,11,76,2,2.0
140,La Liga,2024,548,Real Sociedad,38,35,0.9,46,1.2,1.1,0.8,1.1,1.4,LWLDLLDWDWLWWLWWDLWLLLWLWLLDWWLDLDLLWL,13,19,85,4,2.24
140,La Liga,2024,720,Valladolid,38,26,0.7,90,2.4,0.6,0.8,1.7,3.1,WLDLLDLLLWLLDLLLWLWLLLLLLDLLLLLLLLLLLL,5,16,91,5,2.39
140,La Liga,2024,727,Osasuna,38,48,1.3,52,1.4,1.7,0.8,1.2,1.5,DWLWLWDWDLWWLDDDDLLDDWDDLDLLDDWWWLDWWD,9,8,88,0,2.32
140,La Liga,2024,728,Rayo Vallecano,38,41,1.1,45,1.2,1.3,0.9,1.4,1.0,WDLLWDDDWLWLLLWDDDWDWWWLLDLDWLLDLWWDWD,10,9,96,3,2.53
140,La Liga,2024,798,Mallorca,38,35,0.9,44,1.2,1.1,0.8,1.1,1.2,DLDWLWWWLWDLLWWLLWWLLLDWDDDWLLWDLLWLLD,9,14,81,6,2.13
135,Serie A,2022,487,Lazio,38,60,1.6,30,0.8,1.7,1.5,0.9,0.6,WDWDLWWWWDWLWWLLDWWDDLWWWDWWWWLLWLDWWW,21,7,85,2,2.24
135,Serie A,2022,488,Sassuolo,38,47,1.2,61,1.6,1.3,1.2,1.2,2.0,LWDDDLWWLLWLLDLLLLDWWDLWWWWDLWLWLDLLDL,9,10,90,6,2.37
135,Serie A,2022,489,AC Milan,38,64,1.7,43,1.1,2.2,1.2,1.1,1.2,WDWDWWLWWWWLWDWWDDLLLWWWLDLWDDWDDWLWWW,12,6,89,2,2.34
135,Serie A,2022,492,Napoli,38,77,2.0,28,0.7,2.1,1.9,0.8,0.7,WWDDWWWWWWWWWWWLWWWWWWWWLWWLWDWDDWLWDW,18,6,47,1,1.24
135,Serie A,2022,494,Udinese,38,47,1.2,48,1.3,1.6,0.9,1.1,1.5,LDWWWWWWDDLDDDLDLLWDLDLDDWWLDLWLDWLLLL,10,12,86,3,2.26
135,Serie A,2022,496,Juventus,38,56,1.5,33,0.9,2.0,0.9,0.8,0.9,WDDWDDLWLWWWWWWWWLDLWWWWLWWWLLLDWWWLLW,20,8,75,6,1.97
135,Serie A,2022,497,AS Roma,38,50,1.3,38,1.0,1.5,1.2,0.8,1.2,WWDWLWLWWWLWLDDWDWWLWDWLWLLWWWLDDLDDLW,14,7,82,4,2.16
135,Serie A,2022,498,Sampdoria,38,24,0.6,71,1.9,0.6,0.6,1.5,2.3,LDLDLLLLDLWLLLLWLLLLDDLLDLWLLDDLLLDLDL,4,21,108,3,2.84
135,Serie A,2022,499,Atalanta,38,66,1.7,48,1.3,2.0,1.5,1.4,1.2,WDWWWDWWDWLWLLLDWWDWLWLLDLWWLDWWWLLWLW,9,8,83,3,2.18
135,Serie A,2022,500,Bologna,38,53,1.4,49,1.3,1.3,1.5,0.7,1.8,LDLDDWLLDLWWWLWLLWDWWLWWLDDWWDLDLDDWDW,8,8,84,3,2.21
135,Serie A,2022,502,Fiorentina,38,53,1.4,43,1.1,1.6,1.2,1.2,1.1,WDDLDLWLLDLWWWLDWLLDLLDWWWWWDDLWDLWDWW,10,9,93,3,2.45
135,Serie A,2022,503,Torino,38,42,1.1,41,1.1,0.8,1.4,1.0,1.2,WDWLWLLLDLWWLWDDDLWDWLDLWWLDLDWLWDWDWL,11,9,81,0,2.13
135,Serie A,2022,504,Hellas Verona,39,34,0.9,60,1.5,1.1,0.7,1.7,1.4,LDLDWLLLLLLLLLLDWLWDDWLLDDLLWDWDLWLLDLW,6,13,108,4,2.77
135,Serie A,2022,505,Inter,38,71,1.9,42,1.1,1.9,1.8,0.7,1.5,WWLWLWLLWWWWLWWWDWLWWDWLWLLLDLWWWWWLWW,13,7,65,3,1.71
135,Serie A,2022,511,Empoli,38,37,1.0,49,1.3,1.2,0.8,1.2,1.4,LDDDDLWLDWLLWLWDDWWDLDDLLLLWDLLLWWDWDL,9,12,88,6,2.32
135,Serie A,2022,514,Salernitana,38,48,1.3,62,1.6,1.6,0.9,1.4,1.9,LDWDDDLLWLWWDLLLDLLWLLLWDDDDDDWDDLWDWL,7,11,86,4,2.26
135,Serie A,2022,515,Spezia,39,32,0.8,65,1.7,1.0,0.7,1.7,1.7,WLDLDLWLLDLLLDWDDWLLLDLDDWLDDLDLLLWDLLL,6,18,106,6,2.72
135,Serie A,2022,520,Cremonese,38,36,0.9,69,1.8,0.8,1.1,1.6,2.0,LLLLDDLDLDLDDDLLLLDLLLDWLLDLWWLDDWLLLW,6,14,81,3,2.13
135,Serie A,2022,867,Lecce,38,33,0.9,46,1.2,0.9,0.8,1.3,1.2,LLDDLDWDLDLLDWWWDDLLWDWLLLLLLDLWLLDDWL,6,14,87,2,2.29
135,Serie A,2022,1579,Monza,38,48,1.3,52,1.4,1.3,1.2,1.2,1.6,LLLLLDWWWLLLWLWDDWDWDWLLWDDLDWWWDDWWLL,10,9,90,4,2.37
135,Serie A,2023,487,Lazio,38,49,1.3,39,1.0,1.2,1.4,0.7,1.3,LLWLDWLWWWLDLWDLWWWWDLWLWLLLWWLWWWDWDD,13,8,101,5,2.66
135,Serie A,2023,488,Sassuolo,38,43,1.1,75,2.0,1.2,1.1,1.8,2.2,LLWLWWLDLDLDWLLDLLWLLLDLLLLWLDDDLLWLLD,3,12,74,4,1.95
135,Serie A,2023,489,AC Milan,38,76,2.0,49,1.3,2.0,2.0,0.9,1.7,WWWLWWWWLDLDWWLWDWWWWDWWLDWWWWWDLDDWLD,13,3,82,8,2.16
135,Serie A,2023,490,Cagliari,38,42,1.1,68,1.8,1.5,0.7,1.7,1.9,DLLDLLLLDWWLDLWLLDDWLLLLDDWWLDWDDLDLWL,5,11,76,4,2.0
135,Serie A,2023,492,Napoli,38,55,1.4,48,1.3,1.3,1.6,1.4,1.1,WWLDDWWLWDWLWLLWLDLWDWLDDWWDDLWDLDDLDD,7,13,77,5,2.03
135,Serie A,2023,494,Udinese,38,37,1.0,53,1.4,1.1,0.8,1.5,1.3,LDDDLLDDDDWDLDLDDWLDLLDWDLDWLDLLLDDWDW,9,11,95,5,2.5
135,Serie A,2023,495,Genoa,38,45,1.2,45,1.2,1.4,0.9,1.2,1.2,LWLDLWDLLWLWLDLDWDDDWWDLDWLLDDWDLWDWLW,9,10,78,3,2.05
135,Serie A,2023,496,Juventus,38,54,1.4,31,0.8,1.4,1.5,0.6,1.1,WDWWLWDWWWWWDWWDWWWWWDLLDWLDDLWDDDDDDW,17,7,87,2,2.29
135,Serie A,2023,497,AS Roma,38,65,1.7,46,1.2,2.0,1.4,1.0,1.4,DLLWDLWWWLWDWWDLWLDLWWWLWWWDWDWLWDDLWL,11,5,95,3,2.5
135,Serie A,2023,499,Atalanta,38,72,1.9,42,1.1,2.2,1.6,0.8,1.4,WLWLWWDLWWLDLLWWLWDWWWWWDLLDWLDWWWWWWL,15,4,76,1,2.0
135,Serie A,2023,500,Bologna,38,54,1.4,32,0.8,1.7,1.1,0.6,1.1,LDWDDDWDWDWLWDWWWLDLDWWWWWWLWWDDWDDWDL,17,10,86,2,2.26
135,Serie A,2023,502,Fiorentina,38,61,1.6,46,1.2,1.9,1.3,1.2,1.3,WDLWWDWWLLLWLWDWWWLDLLWLDWDDLLDWWLWDWW,8,10,80,1,2.11
135,Serie A,2023,503,Torino,38,36,0.9,36,0.9,0.9,0.9,0.5,1.4,DLWWDLDLLWWDLWDWDLWDWDDWLLDDWWLDDLDWWL,18,17,75,2,1.97
135,Serie A,2023,504,Hellas Verona,38,38,1.0,51,1.3,1.2,0.8,1.4,1.3,WWLDLLDLLLLLDDDLWLLWLDLDDLWWLDLDWLWLWD,8,11,86,6,2.26
135,Serie A,2023,505,Inter,38,89,2.3,22,0.6,2.3,2.4,0.6,0.6,WWWWWLWDWWWWDWWWWDWWWWWWWWWWDWWDWWLWDD,21,1,47,1,1.24
135,Serie A,2023,511,Empoli,38,29,0.8,54,1.4,0.8,0.7,1.2,1.6,LLLLLWLDWLLWLDDLLDLLWDDWDWLLLLWLWLDLDW,9,21,90,1,2.37
135,Serie A,2023,512,Frosinone,38,44,1.2,69,1.8,1.5,0.8,1.7,1.9,LWDWDDLWLLWLWLDLLLLLWDLLLLDLLDDDDWDLWL,7,12,68,2,1.79
135,Serie A,2023,514,Salernitana,38,32,0.8,81,2.1,0.9,0.8,2.0,2.3,DDLLDLLLDLLDWLLLDWLLLLDLLLDLLLDLLLLDLD,2,15,91,3,2.39
135,Serie A,2023,867,Lecce,38,32,0.8,54,1.4,0.9,0.8,1.4,1.4,WDWDWLLDDLLDDDDWLLDLLLWLLLDLWDLWWDDLLD,7,16,89,5,2.34
135,Serie A,2023,1579,Monza,38,39,1.0,51,1.3,1.2,0.8,1.4,1.3,LWLDDDWWLDWDDLWLLDWLLWDDWWLWWLLDLDDLLL,12,14,88,5,2.32
135,Serie A,2024,487,Lazio,38,61,1.6,49,1.3,1.7,1.5,1.4,1.2,WLDWLWWLWWWWWLWLWDLDWLWWDDWDLDWDWDWDDL,9,6,93,7,2.45
135,Serie A,2024,489,AC Milan,38,61,1.6,43,1.1,1.6,1.6,0.8,1.4,DLDWWWLWLWDDWLDWDDWLWDWWLLLWWLDWLWWWLW,13,5,71,6,1.87
135,Serie A,2024,490,Cagliari,38,40,1.1,56,1.5,1.3,0.8,1.5,1.5,DDLLLWDWLLLDDWLLLLWDWLLWDLLDLWDLLWLLWL,7,15,68,3,1.79
135,Serie A,2024,492,Napoli,38,59,1.6,27,0.7,1.7,1.4,0.7,0.7,LWWWDWWWWWLDWWLWWWWWWWDDDLDWDWDWWWWDDW,19,6,47,0,1.24
135,Serie A,2024,494,Udinese,38,41,1.1,56,1.5,1.2,1.0,1.4,1.5,DWWWLLWLWLLLDLWLWDDDLLWDWWWDLLLLLDWLLL,9,12,88,5,2.32
135,Serie A,2024,495,Genoa,38,37,1.0,49,1.3,1.1,0.8,1.3,1.3,DWLDLLLDLLWDDWDDLWDWLWLDWLDDWLWDLLLDLW,11,13,71,1,1.87
135,Serie A,2024,496,Juventus,38,58,1.5,35,0.9,1.6,1.4,0.8,1.1,WWDDDWDWDDWWDDDDWDDDWLWWWWWLLWDWLWDDWW,17,7,68,3,1.79
135,Serie A,2024,497,AS Roma,38,56,1.5,35,0.9,1.9,1.0,0.8,1.1,DLDDWWDLLWLLLLWLWDWDWWDWWWWWWWDDWWWLWW,16,6,66,1,1.74
135,Serie A,2024,499,Atalanta,38,78,2.1,37,1.0,1.9,2.2,1.3,0.7,WLLWLDWWWWWWWWWWWDDDLWDWDWDWLLLWWDWWWL,15,7,67,1,1.76
135,Serie A,2024,500,Bologna,38,57,1.5,47,1.2,1.7,1.3,0.9,1.5,DLDDWDDDWWWLWDWWLDDWDWDWLWWWWWDLWDDLLL,12,7,61,4,1.61
135,Serie A,2024,502,Fiorentina,38,60,1.6,41,1.1,1.7,1.5,0.9,1.2,DDDLWDWWWWWWWWLLDLLDWWWLLLWLWWDDWWLLWW,12,8,82,3,2.16
135,Serie A,2024,503,Torino,38,39,1.0,45,1.2,0.9,1.2,0.9,1.4,DWWDWLLLWLLLDLDWLDDDDWDDLWWDWDDLWLDLLL,10,13,81,3,2.13
135,Serie A,2024,504,Hellas Verona,38,34,0.9,66,1.7,0.8,1.0,1.9,1.6,WLWLLLWLLLWLLLLWLWDLLDWLLWLLWDDDLLLDDW,8,17,98,9,2.58
135,Serie A,2024,505,Inter,38,79,2.1,35,0.9,2.1,2.1,1.1,0.7,DWWDLWWWDWWDWWWWWWDWWDLWLWDWWWDWLLWWDW,16,4,56,1,1.47
135,Serie A,2024,511,Empoli,38,33,0.9,59,1.6,0.5,1.2,1.4,1.7,DWDDWDLLDLWDDLWLLLDLLDLLLLDLLDDLDLLWWL,6,15,70,5,1.84
135,Serie A,2024,517,Venezia,38,32,0.8,56,1.5,0.9,0.8,1.2,1.8,LDLLWLLLDWLLLLDDWLDLDDLLLDDDDLDWDLDWLL,6,17,75,2,1.97
135,Serie A,2024,523,Parma,38,44,1.2,58,1.5,1.3,1.0,1.5,1.6,DWLLDLDDDDLWLWLLLWDLDLLLLWLDDDDDWDLLDW,7,11,78,6,2.05
135,Serie A,2024,867,Lecce,38,27,0.7,58,1.5,0.7,0.7,1.6,1.4,LLWDDLLLLWLDWDLWLLDWLLWDDLLLLLDLLDLDWW,9,18,61,7,1.61
135,Serie A,2024,895,Como,38,49,1.3,52,1.4,1.5,1.1,1.4,1.4,LDLDWWLDLLLDLDDWLWDLWLLLWWLDLDWWWWWWDL,7,8,87,7,2.29
135,Serie A,2024,1579,Monza,38,28,0.7,69,1.8,0.7,0.8,1.6,2.0,DLDDLLDWDLLLDDLLLLLWLLLLDLLLDLLLLLLWLL,3,17,89,3,2.34
78,Bundesliga,2022,157,Bayern München,34,92,2.7,38,1.1,3.1,2.3,1.0,1.2,WWWDDDLWDWWWWWWDDDWWLWWWLWWDLWWWLW,11,1,49,3,1.44
78,Bundesliga,2022,159,Hertha BSC,34,42,1.2,69,2.0,1.4,1.1,1.6,2.5,LDLLWDDDDLWLLLWLLLLWLWLDLDLLLLWLDW,3,8,82,1,2.41
78,Bundesliga,2022,160,SC Freiburg,34,51,1.5,44,1.3,1.6,1.4,0.8,1.8,WLWWWDDWDLWWWLWLDWLWWDDWDDLWWWLLWL,13,7,62,2,1.82
78,Bundesliga,2022,161,VfL Wolfsburg,34,57,1.7,48,1.4,2.0,1.4,1.5,1.4,DLDLLWLWDDDWWWWWWLLDLWDDWDLDWWLWLL,12,10,63,0,1.85
78,Bundesliga,2022,162,Werder Bremen,34,51,1.5,64,1.9,1.5,1.5,1.6,2.1,DDWLWLDWWLLWWLLLLWWLLWLLDLDLWLLLDL,4,6,76,1,2.24
78,Bundesliga,2022,163,Borussia Mönchengladbach,34,52,1.5,55,1.6,1.9,1.1,1.1,2.2,WDWDLDWLWDLLWLWLLWDLWLDLDDWDLLWLDW,9,9,62,3,1.82
78,Bundesliga,2022,164,FSV Mainz 05,34,54,1.6,55,1.6,1.8,1.4,1.5,1.8,WDWLWLDLDWWLLLDDLWLWWWWDDWDDWLLLLD,7,6,69,1,2.03
78,Bundesliga,2022,165,Borussia Dortmund,34,83,2.4,44,1.3,3.2,1.6,1.0,1.6,WWLWWLWLDLWWWLLWWWWWWWWDWLWDWDWWWD,12,3,66,0,1.94
78,Bundesliga,2022,167,1899 Hoffenheim,34,48,1.4,57,1.7,1.6,1.2,1.7,1.6,LWWWLWDDLWLDLLLLDLLLLLLLWWWDLLWLWD,5,7,80,5,2.35
78,Bundesliga,2022,168,Bayer Leverkusen,34,57,1.7,49,1.4,2.1,1.3,1.4,1.5,LLLWLDDLWLDLWWWWWLLWLDWWWWWDWDLDDL,9,9,76,7,2.24
78,Bundesliga,2022,169,Eintracht Frankfurt,34,58,1.7,52,1.5,2.1,1.4,1.1,2.0,LDDWWLWWLWWLWWDWDDWLWLDDLDLDLDLWDW,6,5,72,1,2.12
78,Bundesliga,2022,170,FC Augsburg,34,42,1.2,63,1.9,0.9,1.5,1.4,2.3,LWLLLWWWDLDLLDLLWLWLWLWLDDLLDDWLLL,6,7,96,5,2.82
78,Bundesliga,2022,172,VfB Stuttgart,36,51,1.4,58,1.6,1.4,1.4,1.2,2.0,DDLDDDLLLWLWLWLDDLLLWLLDLLWDDWLDWDWW,3,8,79,5,2.19
78,Bundesliga,2022,173,RB Leipzig,34,64,1.9,41,1.2,2.2,1.5,1.1,1.4,DDLWLWLWDWDWWWWDWWDLWWLWLLWWLWWWWW,10,6,69,2,2.03
78,Bundesliga,2022,174,FC Schalke 04,34,35,1.0,71,2.1,1.4,0.7,2.1,2.1,LDDLDWLLLLLLLWLLLDDDDWWDDLLWLWWLDL,7,15,68,1,2.0
78,Bundesliga,2022,175,Hamburger SV,2,1,0.5,6,3.0,1.0,0.0,3.0,3.0,LL,0,1,7,1,3.5
78,Bundesliga,2022,176,VfL Bochum,34,40,1.2,72,2.1,1.6,0.7,1.9,2.4,LLLLLLDLWLWLLWWWLLWLLLLWWDLDLDLWDW,5,12,64,1,1.88
78,Bundesliga,2022,182,Union Berlin,34,51,1.5,38,1.1,1.8,1.2,0.6,1.6,WDWWDWWLWWLWLDLWWWWWDLDDWWLDWDLWLW,13,8,65,2,1.91
78,Bundesliga,2022,192,1. FC Köln,34,49,1.4,54,1.6,1.6,1.2,1.2,2.0,WDDDWLDWLWLDLLLWDDDWLLDLLDWDWLWWDL,6,13,75,3,2.21
78,Bundesliga,2023,157,Bayern München,34,94,2.8,45,1.3,3.1,2.4,0.7,1.9,WWWDWDWWWWWWLWWWLWWWLLWDWWLLWWWLWL,11,3,47,2,1.38
78,Bundesliga,2023,158,Fortuna Düsseldorf,2,3,1.5,3,1.5,0.0,3.0,3.0,0.0,WL,1,1,1,0,0.5
78,Bundesliga,2023,160,SC Freiburg,34,45,1.3,58,1.7,1.6,1.0,1.8,1.6,WWLLDWLWLDLDWWWLDWLLLDLDWLWLWDLDDL,10,6,64,4,1.88
78,Bundesliga,2023,161,VfL Wolfsburg,34,41,1.2,56,1.6,1.5,0.9,1.5,1.8,WWLWLWLLLDLWLLWLDDDDLDDLLLWLLWWWLL,6,7,86,5,2.53
78,Bundesliga,2023,162,Werder Bremen,34,48,1.4,54,1.6,1.7,1.1,1.5,1.6,LLWLWLLLWDDLLWDDDWWWLWDLLLLDLWWDDW,7,7,73,2,2.15
78,Bundesliga,2023,163,Borussia Mönchengladbach,34,56,1.6,67,2.0,1.6,1.7,1.5,2.4,DLLDLWDLWDWLWLDLWLDLDLWDDDLWLLDDDL,4,8,66,2,1.94
78,Bundesliga,2023,164,FSV Mainz 05,34,39,1.1,51,1.5,1.4,0.9,1.1,1.9,LDLLLLDLDWDDLDLDDLLDLWLDLWDWWDDDWW,8,9,99,3,2.91
78,Bundesliga,2023,165,Borussia Dortmund,34,68,2.0,43,1.3,2.2,1.8,1.3,1.2,WDDWWWWWDLLWDLDDWWWDWDLWWWWLWDLWLW,10,4,59,4,1.74
78,Bundesliga,2023,167,1899 Hoffenheim,34,66,1.9,66,1.9,1.8,2.1,1.8,2.1,LWWWWLWLWLDDLWLDLLDDDLWWLLLWLWLDWW,2,3,86,5,2.53
78,Bundesliga,2023,168,Bayer Leverkusen,34,89,2.6,24,0.7,2.8,2.5,0.6,0.8,WWWDWWWWWWWWDDWWWWDWWWWWWWWWWDDWWW,16,1,59,0,1.74
78,Bundesliga,2023,169,Eintracht Frankfurt,34,51,1.5,50,1.5,1.7,1.3,1.2,1.7,WDDDDLWWDWDLLWLWWDWLDDDWWLDDLWLLDD,7,6,70,5,2.06
78,Bundesliga,2023,170,FC Augsburg,34,50,1.5,60,1.8,1.5,1.4,1.5,2.0,DLDLWLLWWDDDWLDLLWLDDLWWWWDLWLLLLL,3,8,71,3,2.09
78,Bundesliga,2023,172,VfB Stuttgart,34,78,2.3,39,1.1,2.9,1.6,0.9,1.4,WLWWWWWWLLWWWDLWLLWWWWDWWWDWWLDWWW,12,3,56,1,1.65
78,Bundesliga,2023,173,RB Leipzig,34,77,2.3,39,1.1,2.4,2.2,0.7,1.6,LWWWWDDWWLWLWWWDLLLWDWLWWWDWWWWDDD,10,4,61,1,1.79
78,Bundesliga,2023,176,VfL Bochum,36,45,1.3,77,2.1,1.4,1.1,1.8,2.5,LDDDLLDLDWDDWLWLDWLDDWLLLLDLDLWWLLLW,5,9,103,2,2.86
78,Bundesliga,2023,180,1. FC Heidenheim,34,50,1.5,55,1.6,1.8,1.2,1.5,1.7,LLDWLWLLLWLDLWWWDDDDWLDLLDDWDLWDDW,6,5,54,1,1.59
78,Bundesliga,2023,181,SV Darmstadt 98,34,30,0.9,86,2.5,0.9,0.9,2.6,2.5,LLLDLWWLLLDDLLLDLDLLDLDLLLDLLWLLLL,3,17,83,4,2.44
78,Bundesliga,2023,182,Union Berlin,34,33,1.0,58,1.7,1.3,0.6,1.8,1.6,WWLLLLLLLLLDWLWDLWLDWWDLLWDLLLDLLW,7,17,67,7,1.97
78,Bundesliga,2023,192,1. FC Köln,34,28,0.8,60,1.8,0.9,0.8,1.6,1.9,LLDLLLLWLDDLWDLLDLDWDLDLDLDWLLDDWL,4,14,71,4,2.09
78,Bundesliga,2024,157,Bayern München,34,99,2.9,32,0.9,3.1,2.7,0.9,0.9,WWWWDDWWWWWDWLWWWWWWWDWWLDWWDWWDWW,16,1,48,1,1.41
78,Bundesliga,2024,160,SC Freiburg,34,49,1.4,53,1.6,1.9,1.0,1.5,1.6,WLWWLWWLDDLWDWLWLLLWWWWDDDLLWWWDWL,11,8,54,2,1.59
78,Bundesliga,2024,161,VfL Wolfsburg,34,56,1.6,54,1.6,1.6,1.7,1.8,1.4,LWLLDWLDDWWWWLLWWLDDDWDWDLLLLDLLDW,6,7,75,3,2.21
78,Bundesliga,2024,162,Werder Bremen,34,54,1.6,57,1.7,1.2,1.9,1.5,1.8,DDWLWLWDLWLDWWWLDLDWLLLLWLWWWWDDDW,10,9,75,4,2.21
78,Bundesliga,2024,163,Borussia Mönchengladbach,34,55,1.6,57,1.7,1.7,1.5,1.5,1.8,LWLLWLWDWDWLDWWLLLWWDWLWLWWDLLLDLL,7,6,53,3,1.56
78,Bundesliga,2024,164,FSV Mainz 05,34,55,1.6,43,1.3,1.4,1.8,1.1,1.5,DDLWLWLDDWWWLWWWLLWLDWWWWDLDLDLDWD,9,8,72,5,2.12
78,Bundesliga,2024,165,Borussia Dortmund,34,71,2.1,51,1.5,2.6,1.6,1.1,1.9,WDWLWLWLWLWDDDWLLLDWLLWWLLWWDWWWWW,7,5,71,6,2.09
78,Bundesliga,2024,167,1899 Hoffenheim,34,46,1.4,68,2.0,1.5,1.2,2.1,1.9,WLLLLDWDLDWLDDLLLWDLLWDWDLDLWLLDDL,4,9,66,2,1.94
78,Bundesliga,2024,168,Bayer Leverkusen,34,72,2.1,43,1.3,2.1,2.1,1.3,1.2,WLWWDDWDDDWWWWWWWWDWDDWWLWWWDDWDLD,9,5,62,1,1.82
78,Bundesliga,2024,169,Eintracht Frankfurt,34,68,2.0,46,1.4,2.4,1.6,1.3,1.4,LWWWWDLDWWWWDLLWWWDDDWLLLWWLWDWDDW,9,4,55,1,1.62
78,Bundesliga,2024,170,FC Augsburg,34,35,1.0,51,1.5,1.1,1.0,1.2,1.8,DLWLLWLWDDLWDLLLWWWDDDWDWWDLWDLLLL,11,12,78,5,2.29
78,Bundesliga,2024,172,VfB Stuttgart,34,64,1.9,53,1.6,2.1,1.7,1.6,1.5,LDWWDDLWDLWDWWLWWWLLWLDLDLLWLDLWWW,7,6,72,5,2.12
78,Bundesliga,2024,173,RB Leipzig,34,53,1.6,48,1.4,1.9,1.2,1.4,1.5,WWDDWWWWLDLLWWLWLDDDWDDLDWLWWDLDDL,14,9,69,5,2.03
78,Bundesliga,2024,176,VfL Bochum,34,32,0.9,68,2.0,0.9,0.9,1.9,2.1,LLLDLLLLLDLLLDWLWDLLDWDLWLLLLLDDLW,5,13,71,2,2.09
78,Bundesliga,2024,180,1. FC Heidenheim,36,41,1.1,67,1.9,0.8,1.4,1.9,1.8,WWLLWLLDLLLLLLLWDLLLLLDLDWWLLLWDWLDW,9,14,70,1,1.94
78,Bundesliga,2024,182,Union Berlin,34,36,1.1,50,1.5,1.1,1.0,1.3,1.6,DWDWLWWDLDLLLDLLLWLDWLLLWDWWDDDDLW,8,13,72,1,2.12
78,Bundesliga,2024,186,FC St. Pauli,34,28,0.8,41,1.2,0.6,1.1,1.1,1.3,LLLDWLLDWLLWLLWLLWWDLLLLDWLDWDDLDL,9,17,53,4,1.56
78,Bundesliga,2024,191,Holstein Kiel,34,49,1.4,80,2.4,1.4,1.5,2.4,2.3,LLLDLDLLWLLLLLWLWLDLDLLWDLLDLDWWLL,2,7,77,4,2.26
78,Bundesliga,2024,1660,SV Elversberg,2,3,1.5,4,2.0,1.0,2.0,2.0,2.0,DL,0,0,1,0,0.5
61,Ligue 1,2022,77,Angers,38,33,0.9,81,2.1,1.1,0.7,1.9,2.4,DDLLLLWWLLLLLLLLLLLLLDDLLLLLDWLLLLLDWL,4,13,68,5,1.79
61,Ligue 1,2022,79,Lille,38,65,1.7,44,1.2,2.1,1.3,1.3,1.0,WDLWLWLWLWWWLDWWDDWLDWWLWDDWWLWDWLDWWD,10,7,83,1,2.18
61,Ligue 1,2022,80,Lyon,38,65,1.7,47,1.2,1.8,1.6,1.0,1.5,WWDWWLLLLDLWWLDWLDLWDWWLWDDDWWWLWWLWWL,8,7,61,3,1.61
61,Ligue 1,2022,81,Marseille,38,67,1.8,40,1.1,1.8,1.7,1.3,0.8,WDWWWWWDWLLLDWWWWWWDWLWWLWDWDDWWWLWLLL,10,5,64,4,1.68
61,Ligue 1,2022,82,Montpellier,38,65,1.7,62,1.6,1.5,1.9,1.5,1.7,WLLWWLLWLLLLLDDWLLLWLLWWDWWWDLLWWLDWLW,11,5,68,10,1.79
61,Ligue 1,2022,83,Nantes,38,37,1.0,55,1.4,1.1,0.9,1.4,1.5,DDLWDLLDLLWDDLDDWDWDLWWLLLDDLDLDLLDLLW,11,15,65,4,1.71
61,Ligue 1,2022,84,Nice,38,48,1.3,37,1.0,1.3,1.3,0.9,1.0,DDLLWLWLLWDDWWDDLWDWWWWDWDDDDLLLWWLDWW,11,11,53,3,1.39
61,Ligue 1,2022,85,Paris Saint Germain,38,89,2.3,40,1.1,2.4,2.3,1.3,0.8,WWWDWWWWWDWWWWWWLWLDWWLWWWWLLWWWLWWWDL,13,4,57,5,1.5
61,Ligue 1,2022,91,Monaco,38,70,1.8,58,1.5,1.9,1.7,1.7,1.3,WDLDLWWWWWDLWWLWWDWDWWWWLDLWWDWLLWDLLL,9,6,64,5,1.68
61,Ligue 1,2022,93,Reims,38,45,1.2,45,1.2,1.5,0.9,1.2,1.2,LLDDWDLLDDDWDWDWDWDDWDWDWWWLWDLLLWLDLL,14,12,71,9,1.87
61,Ligue 1,2022,94,Rennes,38,69,1.8,39,1.0,2.3,1.4,0.7,1.3,LDWLWDWDWWWWWDWLWLWLWLLWWLDWLLWLWLWWWW,13,5,59,6,1.55
61,Ligue 1,2022,95,Strasbourg,38,51,1.3,59,1.6,1.3,1.4,1.4,1.7,LDDLDDDLLWLDDLDLLDWLLWLWDLDWLLWWLWWDDL,6,6,73,7,1.92
61,Ligue 1,2022,96,Toulouse,38,51,1.3,57,1.5,1.4,1.3,1.4,1.6,DWDLLLWLWDWDLLLLWWDWWLWLLLWLLWLWLDDDDW,9,11,61,3,1.61
61,Ligue 1,2022,97,Lorient,38,52,1.4,53,1.4,1.4,1.4,1.1,1.7,WDWLWWWWWWDDLLDLWDLWLDLWLDWDLDLLWWDLLW,8,9,48,4,1.26
61,Ligue 1,2022,98,Ajaccio,38,23,0.6,74,1.9,0.5,0.7,1.6,2.3,LDLLLLLWLWDLLWDWLLLLWLLLWLLLLLLDLDLLLW,6,22,86,10,2.26
61,Ligue 1,2022,99,Clermont Foot,38,45,1.2,49,1.3,1.1,1.3,1.5,1.1,LWWLLWDLWWDLDDLLWWWDDLLLDWLLWWWWWDWLWW,10,10,72,5,1.89
61,Ligue 1,2022,106,Stade Brestois 29,38,44,1.2,54,1.4,1.3,1.1,1.4,1.5,LDWLLDLLDLLWDLWLLDDWDDLLLWLDWDWDWLWWWL,9,10,62,2,1.63
61,Ligue 1,2022,108,Auxerre,38,35,0.9,63,1.7,0.9,0.9,1.5,1.8,LDWWLLLLDLDLWDLLLLLLLDDWWDDLWWWDLDLLDL,7,11,54,6,1.42
61,Ligue 1,2022,110,Estac Troyes,38,45,1.2,81,2.1,1.0,1.4,1.6,2.7,LLLWWDLWDLDDLDLDWLLDLLLLLDLDLLLDLLLDLD,1,11,56,5,1.47
61,Ligue 1,2022,116,Lens,38,68,1.8,29,0.8,2.2,1.4,0.7,0.8,WDWWWDWDWLWWWWWDWDWDLDLWDDWWWWLWWWWWWW,15,5,63,3,1.66
