league_id,league_name,season,team_id,name,code,founded,venue_name,venue_city
39,Premier League,2022,33,Manchester United,MUN,1878,Old Trafford,Manchester
39,Premier League,2022,34,Newcastle,NEW,1892,St. James' Park,Newcastle upon Tyne
39,Premier League,2022,35,Bournemouth,BOU,1899,Vitality Stadium,"Bournemouth, Dorset"
39,Premier League,2022,36,Fulham,FUL,1879,Craven Cottage,London
39,Premier League,2022,39,Wolves,WOL,1877,Molineux Stadium,"Wolverhampton, West Midlands"
39,Premier League,2022,40,Liverpool,LIV,1892,Anfield,Liverpool
39,Premier League,2022,41,Southampton,SOU,1885,St. Mary's Stadium,"Southampton, Hampshire"
39,Premier League,2022,42,Arsenal,ARS,1886,Emirates Stadium,London
39,Premier League,2022,45,Everton,EVE,1878,Hill Dickinson Stadium,"Liverpool, Merseyside"
39,Premier League,2022,46,Leicester,LEI,1884,King Power Stadium,"Leicester, Leicestershire"
39,Premier League,2022,47,Tottenham,TOT,1882,Tottenham Hotspur Stadium,London
39,Premier League,2022,48,West Ham,WES,1895,London Stadium,London
39,Premier League,2022,49,Chelsea,CHE,1905,Stamford Bridge,London
39,Premier League,2022,50,Manchester City,MCI,1880,Etihad Stadium,Manchester
39,Premier League,2022,51,Brighton,BRI,1901,American Express Stadium,"Falmer, East Sussex"
39,Premier League,2022,52,Crystal Palace,CRY,1861,Selhurst Park,London
39,Premier League,2022,55,Brentford,BRE,1889,Gtech Community Stadium,"Brentford, Middlesex"
39,Premier League,2022,63,Leeds,LEE,1919,Elland Road,"Leeds, West Yorkshire"
39,Premier League,2022,65,Nottingham Forest,NOT,1865,The City Ground,"Nottingham, Nottinghamshire"
39,Premier League,2022,66,Aston Villa,AST,1874,Villa Park,Birmingham
39,Premier League,2023,33,Manchester United,MUN,1878,Old Trafford,Manchester
39,Premier League,2023,34,Newcastle,NEW,1892,St. James' Park,Newcastle upon Tyne
39,Premier League,2023,35,Bournemouth,BOU,1899,Vitality Stadium,"Bournemouth, Dorset"
39,Premier League,2023,36,Fulham,FUL,1879,Craven Cottage,London
39,Premier League,2023,39,Wolves,WOL,1877,Molineux Stadium,"Wolverhampton, West Midlands"
39,Premier League,2023,40,Liverpool,LIV,1892,Anfield,Liverpool
39,Premier League,2023,42,Arsenal,ARS,1886,Emirates Stadium,London
39,Premier League,2023,44,Burnley,BUR,1882,Turf Moor,Burnley
39,Premier League,2023,45,Everton,EVE,1878,Hill Dickinson Stadium,"Liverpool, Merseyside"
39,Premier League,2023,47,Tottenham,TOT,1882,Tottenham Hotspur Stadium,London
39,Premier League,2023,48,West Ham,WES,1895,London Stadium,London
39,Premier League,2023,49,Chelsea,CHE,1905,Stamford Bridge,London
39,Premier League,2023,50,Manchester City,MCI,1880,Etihad Stadium,Manchester
39,Premier League,2023,51,Brighton,BRI,1901,American Express Stadium,"Falmer, East Sussex"
39,Premier League,2023,52,Crystal Palace,CRY,1861,Selhurst Park,London
39,Premier League,2023,55,Brentford,BRE,1889,Gtech Community Stadium,"Brentford, Middlesex"
39,Premier League,2023,62,Sheffield Utd,SHE,1889,Bramall Lane,Sheffield
39,Premier League,2023,65,Nottingham Forest,NOT,1865,The City Ground,"Nottingham, Nottinghamshire"
39,Premier League,2023,66,Aston Villa,AST,1874,Villa Park,Birmingham
39,Premier League,2023,1359,Luton,LUT,1885,Kenilworth Road,"Luton, Bedfordshire"
39,Premier League,2024,33,Manchester United,MUN,1878,Old Trafford,Manchester
39,Premier League,2024,34,Newcastle,NEW,1892,St. James' Park,Newcastle upon Tyne
39,Premier League,2024,35,Bournemouth,BOU,1899,Vitality Stadium,"Bournemouth, Dorset"
39,Premier League,2024,36,Fulham,FUL,1879,Craven Cottage,London
39,Premier League,2024,39,Wolves,WOL,1877,Molineux Stadium,"Wolverhampton, West Midlands"
39,Premier League,2024,40,Liverpool,LIV,1892,Anfield,Liverpool
39,Premier League,2024,41,Southampton,SOU,1885,St. Mary's Stadium,"Southampton, Hampshire"
39,Premier League,2024,42,Arsenal,ARS,1886,Emirates Stadium,London
39,Premier League,2024,45,Everton,EVE,1878,Hill Dickinson Stadium,"Liverpool, Merseyside"
39,Premier League,2024,46,Leicester,LEI,1884,King Power Stadium,"Leicester, Leicestershire"
39,Premier League,2024,47,Tottenham,TOT,1882,Tottenham Hotspur Stadium,London
39,Premier League,2024,48,West Ham,WES,1895,London Stadium,London
39,Premier League,2024,49,Chelsea,CHE,1905,Stamford Bridge,London
39,Premier League,2024,50,Manchester City,MCI,1880,Etihad Stadium,Manchester
39,Premier League,2024,51,Brighton,BRI,1901,American Express Stadium,"Falmer, East Sussex"
39,Premier League,2024,52,Crystal Palace,CRY,1861,Selhurst Park,London
39,Premier League,2024,55,Brentford,BRE,1889,Gtech Community Stadium,"Brentford, Middlesex"
39,Premier League,2024,57,Ipswich,IPS,1878,Portman Road,"Ipswich, Suffolk"
39,Premier League,2024,65,Nottingham Forest,NOT,1865,The City Ground,"Nottingham, Nottinghamshire"
39,Premier League,2024,66,Aston Villa,AST,1874,Villa Park,Birmingham
140,La Liga,2022,529,Barcelona,BAR,1899,Camp Nou,Barcelona
140,La Liga,2022,530,Atletico Madrid,ATM,1903,Estádio Cívitas Metropolitano,Madrid
140,La Liga,2022,531,Athletic Club,BIL,1898,San Mamés Barria,Bilbao
140,La Liga,2022,532,Valencia,VAL,1919,Estadio de Mestalla,Valencia
140,La Liga,2022,533,Villarreal,VIL,1923,Estadio de la Cerámica,Villarreal
140,La Liga,2022,536,Sevilla,SEV,1890,Estadio Ramón Sánchez Pizjuán,Sevilla
140,La Liga,2022,538,Celta Vigo,CEL,1923,Estadio Abanca-Balaídos,Vigo
140,La Liga,2022,540,Espanyol,ESP,1900,Stage Front Stadium,Cornella de Llobregat
140,La Liga,2022,541,Real Madrid,REA,1902,Estadio Santiago Bernabéu,Madrid
140,La Liga,2022,543,Real Betis,BET,1907,Estadio La Cartuja de Sevilla,Sevilla
140,La Liga,2022,546,Getafe,GET,1983,Estadio Coliseum,Getafe
140,La Liga,2022,547,Girona,GIR,1930,Estadi Municipal de Montilivi,Girona
140,La Liga,2022,548,Real Sociedad,RSO,1909,Reale Arena,Donostia-San Sebastián
140,La Liga,2022,720,Valladolid,VAL,1928,Estadio Municipal José Zorrilla,Valladolid
140,La Liga,2022,723,Almeria,ALM,1989,Power Horse Stadium – Estadio de los Juegos Mediterráneos,Almería
140,La Liga,2022,724,Cadiz,CAD,1910,Estadio Nuevo Mirandilla,Cádiz
140,La Liga,2022,727,Osasuna,OSA,1920,Estadio El Sadar,Iruñea
140,La Liga,2022,728,Rayo Vallecano,RAY,1924,Estadio de Vallecas,Madrid
140,La Liga,2022,797,Elche,ELC,1923,Estadio Manuel Martínez Valero,Elche
140,La Liga,2022,798,Mallorca,MAL,1916,Estadi Mallorca Son Moix,Palma de Mallorca
140,La Liga,2023,529,Barcelona,BAR,1899,Camp Nou,Barcelona
140,La Liga,2023,530,Atletico Madrid,ATM,1903,Estádio Cívitas Metropolitano,Madrid
140,La Liga,2023,531,Athletic Club,BIL,1898,San Mamés Barria,Bilbao
140,La Liga,2023,532,Valencia,VAL,1919,Estadio de Mestalla,Valencia
140,La Liga,2023,533,Villarreal,VIL,1923,Estadio de la Cerámica,Villarreal
140,La Liga,2023,534,Las Palmas,PAL,1949,Estadio de Gran Canaria,Las Palmas de Gran Canaria
140,La Liga,2023,536,Sevilla,SEV,1890,Estadio Ramón Sánchez Pizjuán,Sevilla
140,La Liga,2023,538,Celta Vigo,CEL,1923,Estadio Abanca-Balaídos,Vigo
140,La Liga,2023,541,Real Madrid,REA,1902,Estadio Santiago Bernabéu,Madrid
140,La Liga,2023,542,Alaves,ALA,1921,Estadio de Mendizorroza,Vitoria-Gasteiz
140,La Liga,2023,543,Real Betis,BET,1907,Estadio La Cartuja de Sevilla,Sevilla
140,La Liga,2023,546,Getafe,GET,1983,Estadio Coliseum,Getafe
140,La Liga,2023,547,Girona,GIR,1930,Estadi Municipal de Montilivi,Girona
140,La Liga,2023,548,Real Sociedad,RSO,1909,Reale Arena,Donostia-San Sebastián
140,La Liga,2023,715,Granada CF,GRA,1931,Estadio Nuevo Los Cármenes,Granada
140,La Liga,2023,723,Almeria,ALM,1989,Power Horse Stadium – Estadio de los Juegos Mediterráneos,Almería
140,La Liga,2023,724,Cadiz,CAD,1910,Estadio Nuevo Mirandilla,Cádiz
140,La Liga,2023,727,Osasuna,OSA,1920,Estadio El Sadar,Iruñea
140,La Liga,2023,728,Rayo Vallecano,RAY,1924,Estadio de Vallecas,Madrid
140,La Liga,2023,798,Mallorca,MAL,1916,Estadi Mallorca Son Moix,Palma de Mallorca
140,La Liga,2024,529,Barcelona,BAR,1899,Camp Nou,Barcelona
140,La Liga,2024,530,Atletico Madrid,ATM,1903,Estádio Cívitas Metropolitano,Madrid
140,La Liga,2024,531,Athletic Club,BIL,1898,San Mamés Barria,Bilbao
140,La Liga,2024,532,Valencia,VAL,1919,Estadio de Mestalla,Valencia
140,La Liga,2024,533,Villarreal,VIL,1923,Estadio de la Cerámica,Villarreal
140,La Liga,2024,534,Las Palmas,PAL,1949,Estadio de Gran Canaria,Las Palmas de Gran Canaria
140,La Liga,2024,536,Sevilla,SEV,1890,Estadio Ramón Sánchez Pizjuán,Sevilla
140,La Liga,2024,537,Leganes,LEG,1928,Estadio Municipal de Butarque,Leganés
140,La Liga,2024,538,Celta Vigo,CEL,1923,Estadio Abanca-Balaídos,Vigo
140,La Liga,2024,540,Espanyol,ESP,1900,Stage Front Stadium,Cornella de Llobregat
140,La Liga,2024,541,Real Madrid,REA,1902,Estadio Santiago Bernabéu,Madrid
140,La Liga,2024,542,Alaves,ALA,1921,Estadio de Mendizorroza,Vitoria-Gasteiz
140,La Liga,2024,543,Real Betis,BET,1907,Estadio La Cartuja de Sevilla,Sevilla
140,La Liga,2024,546,Getafe,GET,1983,Estadio Coliseum,Getafe
140,La Liga,2024,547,Girona,GIR,1930,Estadi Municipal de Montilivi,Girona
140,La Liga,2024,548,Real Sociedad,RSO,1909,Reale Arena,Donostia-San Sebastián
140,La Liga,2024,720,Valladolid,VAL,1928,Estadio Municipal José Zorrilla,Valladolid
140,La Liga,2024,727,Osasuna,OSA,1920,Estadio El Sadar,Iruñea
140,La Liga,2024,728,Rayo Vallecano,RAY,1924,Estadio de Vallecas,Madrid
140,La Liga,2024,798,Mallorca,MAL,1916,Estadi Mallorca Son Moix,Palma de Mallorca
135,Serie A,2022,487,Lazio,LAZ,1900,Stadio Olimpico,Roma
135,Serie A,2022,488,Sassuolo,SAS,1922,MAPEI Stadium - Città del Tricolore,Reggio Emilia
135,Serie A,2022,489,AC Milan,MIL,1899,Stadio Giuseppe Meazza,Milano
135,Serie A,2022,492,Napoli,NAP,1904,Stadio Diego Armando Maradona,Napoli
135,Serie A,2022,494,Udinese,UDI,1896,Bluenergy Stadium,Udine
135,Serie A,2022,496,Juventus,JUV,1897,Allianz Stadium,Torino
135,Serie A,2022,497,AS Roma,ROM,1927,Stadio Olimpico,Roma
135,Serie A,2022,498,Sampdoria,SAM,1946,Stadio Comunale Luigi Ferraris,Genova
135,Serie A,2022,499,Atalanta,ATA,1907,Gewiss Stadium,Bergamo
135,Serie A,2022,500,Bologna,BOL,1909,Stadio Renato Dall'Ara,Bologna
135,Serie A,2022,502,Fiorentina,FIO,1926,Stadio Artemio Franchi,Firenze
135,Serie A,2022,503,Torino,TOR,1906,Stadio Olimpico Grande Torino,Torino
135,Serie A,2022,504,Hellas Verona,VER,1903,Stadio Marc'Antonio Bentegodi,Verona
135,Serie A,2022,505,Inter,INT,1908,Stadio Giuseppe Meazza,Milano
135,Serie A,2022,511,Empoli,EMP,1920,Stadio Carlo Castellani – Computer Gross Arena,Empoli
135,Serie A,2022,514,Salernitana,SAL,2011,Stadio Arechi,Salerno
135,Serie A,2022,515,Spezia,SPE,1906,Stadio Alberto Picco,La Spezia
135,Serie A,2022,520,Cremonese,CRE,1903,Stadio Giovanni Zini,Cremona
135,Serie A,2022,867,Lecce,LEC,1908,Stadio Comunale Via del Mare,Lecce
135,Serie A,2022,1579,Monza,MON,1912,U-Power Stadium,Monza
135,Serie A,2023,487,Lazio,LAZ,1900,Stadio Olimpico,Roma
135,Serie A,2023,488,Sassuolo,SAS,1922,MAPEI Stadium - Città del Tricolore,Reggio Emilia
135,Serie A,2023,489,AC Milan,MIL,1899,Stadio Giuseppe Meazza,Milano
135,Serie A,2023,490,Cagliari,CAG,1920,Unipol Domus,Cagliari
135,Serie A,2023,492,Napoli,NAP,1904,Stadio Diego Armando Maradona,Napoli
135,Serie A,2023,494,Udinese,UDI,1896,Bluenergy Stadium,Udine
135,Serie A,2023,495,Genoa,GEN,1893,Stadio Comunale Luigi Ferraris,Genova
135,Serie A,2023,496,Juventus,JUV,1897,Allianz Stadium,Torino
135,Serie A,2023,497,AS Roma,ROM,1927,Stadio Olimpico,Roma
135,Serie A,2023,499,Atalanta,ATA,1907,Gewiss Stadium,Bergamo
135,Serie A,2023,500,Bologna,BOL,1909,Stadio Renato Dall'Ara,Bologna
135,Serie A,2023,502,Fiorentina,FIO,1926,Stadio Artemio Franchi,Firenze
135,Serie A,2023,503,Torino,TOR,1906,Stadio Olimpico Grande Torino,Torino
135,Serie A,2023,504,Hellas Verona,VER,1903,Stadio Marc'Antonio Bentegodi,Verona
135,Serie A,2023,505,Inter,INT,1908,Stadio Giuseppe Meazza,Milano
135,Serie A,2023,511,Empoli,EMP,1920,Stadio Carlo Castellani – Computer Gross Arena,Empoli
135,Serie A,2023,512,Frosinone,FRO,1928,Stadio Benito Stirpe,Frosinone
135,Serie A,2023,514,Salernitana,SAL,2011,Stadio Arechi,Salerno
135,Serie A,2023,867,Lecce,LEC,1908,Stadio Comunale Via del Mare,Lecce
135,Serie A,2023,1579,Monza,MON,1912,U-Power Stadium,Monza
135,Serie A,2024,487,Lazio,LAZ,1900,Stadio Olimpico,Roma
135,Serie A,2024,489,AC Milan,MIL,1899,Stadio Giuseppe Meazza,Milano
135,Serie A,2024,490,Cagliari,CAG,1920,Unipol Domus,Cagliari
135,Serie A,2024,492,Napoli,NAP,1904,Stadio Diego Armando Maradona,Napoli
135,Serie A,2024,494,Udinese,UDI,1896,Bluenergy Stadium,Udine
135,Serie A,2024,495,Genoa,GEN,1893,Stadio Comunale Luigi Ferraris,Genova
135,Serie A,2024,496,Juventus,JUV,1897,Allianz Stadium,Torino
135,Serie A,2024,497,AS Roma,ROM,1927,Stadio Olimpico,Roma
135,Serie A,2024,499,Atalanta,ATA,1907,Gewiss Stadium,Bergamo
135,Serie A,2024,500,Bologna,BOL,1909,Stadio Renato Dall'Ara,Bologna
135,Serie A,2024,502,Fiorentina,FIO,1926,Stadio Artemio Franchi,Firenze
135,Serie A,2024,503,Torino,TOR,1906,Stadio Olimpico Grande Torino,Torino
135,Serie A,2024,504,Hellas Verona,VER,1903,Stadio Marc'Antonio Bentegodi,Verona
135,Serie A,2024,505,Inter,INT,1908,Stadio Giuseppe Meazza,Milano
135,Serie A,2024,511,Empoli,EMP,1920,Stadio Carlo Castellani – Computer Gross Arena,Empoli
135,Serie A,2024,517,Venezia,VEN,1907,Stadio Pierluigi Penzo,Venezia
135,Serie A,2024,523,Parma,PAR,1913,Stadio Ennio Tardini,Parma
135,Serie A,2024,867,Lecce,LEC,1908,Stadio Comunale Via del Mare,Lecce
135,Serie A,2024,895,Como,COM,1907,Stadio Giuseppe Sinigaglia,Como
135,Serie A,2024,1579,Monza,MON,1912,U-Power Stadium,Monza
78,Bundesliga,2022,157,Bayern München,BAY,1900,Allianz Arena,München
78,Bundesliga,2022,159,Hertha BSC,HER,1892,Olympiastadion Berlin,Berlin
78,Bundesliga,2022,160,SC Freiburg,FRE,1904,Europa-Park Stadion,Freiburg im Breisgau
78,Bundesliga,2022,161,VfL Wolfsburg,WOL,1945,Volkswagen Arena,Wolfsburg
78,Bundesliga,2022,162,Werder Bremen,WER,1899,Weserstadion,Bremen
78,Bundesliga,2022,163,Borussia Mönchengladbach,MOE,1900,BORUSSIA-PARK,Mönchengladbach
78,Bundesliga,2022,164,FSV Mainz 05,MAI,1905,MEWA ARENA,Mainz
78,Bundesliga,2022,165,Borussia Dortmund,DOR,1909,SIGNAL IDUNA PARK,Dortmund
78,Bundesliga,2022,167,1899 Hoffenheim,HOF,1899,PreZero Arena,Sinsheim
78,Bundesliga,2022,168,Bayer Leverkusen,BAY,1904,BayArena,Leverkusen
78,Bundesliga,2022,169,Eintracht Frankfurt,EIN,1899,Deutsche Bank Park,Frankfurt am Main
78,Bundesliga,2022,170,FC Augsburg,AUG,1907,WWK Arena,Augsburg
78,Bundesliga,2022,172,VfB Stuttgart,STU,1893,MHPArena,Stuttgart
78,Bundesliga,2022,173,RB Leipzig,LEI,2009,Red Bull Arena,Leipzig
78,Bundesliga,2022,174,FC Schalke 04,SCH,1904,Arena AufSchalke,Gelsenkirchen
78,Bundesliga,2022,175,Hamburger SV,HAM,1887,Volksparkstadion,Hamburg
78,Bundesliga,2022,176,VfL Bochum,BOC,1848,Vonovia Ruhrstadion,Bochum
78,Bundesliga,2022,182,Union Berlin,UNI,1966,Stadion An der Alten Försterei,Berlin
78,Bundesliga,2022,192,1. FC Köln,KOL,1948,RheinEnergieSTADION,Köln
78,Bundesliga,2023,157,Bayern München,BAY,1900,Allianz Arena,München
78,Bundesliga,2023,158,Fortuna Düsseldorf,DUS,1895,Düsseldorf Arena,Düsseldorf
78,Bundesliga,2023,160,SC Freiburg,FRE,1904,Europa-Park Stadion,Freiburg im Breisgau
78,Bundesliga,2023,161,VfL Wolfsburg,WOL,1945,Volkswagen Arena,Wolfsburg
78,Bundesliga,2023,162,Werder Bremen,WER,1899,Weserstadion,Bremen
78,Bundesliga,2023,163,Borussia Mönchengladbach,MOE,1900,BORUSSIA-PARK,Mönchengladbach
78,Bundesliga,2023,164,FSV Mainz 05,MAI,1905,MEWA ARENA,Mainz
78,Bundesliga,2023,165,Borussia Dortmund,DOR,1909,SIGNAL IDUNA PARK,Dortmund
78,Bundesliga,2023,167,1899 Hoffenheim,HOF,1899,PreZero Arena,Sinsheim
78,Bundesliga,2023,168,Bayer Leverkusen,BAY,1904,BayArena,Leverkusen
78,Bundesliga,2023,169,Eintracht Frankfurt,EIN,1899,Deutsche Bank Park,Frankfurt am Main
78,Bundesliga,2023,170,FC Augsburg,AUG,1907,WWK Arena,Augsburg
78,Bundesliga,2023,172,VfB Stuttgart,STU,1893,MHPArena,Stuttgart
78,Bundesliga,2023,173,RB Leipzig,LEI,2009,Red Bull Arena,Leipzig
78,Bundesliga,2023,176,VfL Bochum,BOC,1848,Vonovia Ruhrstadion,Bochum
78,Bundesliga,2023,180,1. FC Heidenheim,HEI,1946,Voith-Arena,Heidenheim an der Brenz
78,Bundesliga,2023,181,SV Darmstadt 98,DAR,1898,Merck-Stadion am Böllenfalltor,Darmstadt
78,Bundesliga,2023,182,Union Berlin,UNI,1966,Stadion An der Alten Försterei,Berlin
78,Bundesliga,2023,192,1. FC Köln,KOL,1948,RheinEnergieSTADION,Köln
78,Bundesliga,2024,157,Bayern München,BAY,1900,Allianz Arena,München
78,Bundesliga,2024,160,SC Freiburg,FRE,1904,Europa-Park Stadion,Freiburg im Breisgau
78,Bundesliga,2024,161,VfL Wolfsburg,WOL,1945,Volkswagen Arena,Wolfsburg
78,Bundesliga,2024,162,Werder Bremen,WER,1899,Weserstadion,Bremen
78,Bundesliga,2024,163,Borussia Mönchengladbach,MOE,1900,BORUSSIA-PARK,Mönchengladbach
78,Bundesliga,2024,164,FSV Mainz 05,MAI,1905,MEWA ARENA,Mainz
78,Bundesliga,2024,165,Borussia Dortmund,DOR,1909,SIGNAL IDUNA PARK,Dortmund
78,Bundesliga,2024,167,1899 Hoffenheim,HOF,1899,PreZero Arena,Sinsheim
78,Bundesliga,2024,168,Bayer Leverkusen,BAY,1904,BayArena,Leverkusen
78,Bundesliga,2024,169,Eintracht Frankfurt,EIN,1899,Deutsche Bank Park,Frankfurt am Main
78,Bundesliga,2024,170,FC Augsburg,AUG,1907,WWK Arena,Augsburg
78,Bundesliga,2024,172,VfB Stuttgart,STU,1893,MHPArena,Stuttgart
78,Bundesliga,2024,173,RB Leipzig,LEI,2009,Red Bull Arena,Leipzig
78,Bundesliga,2024,176,VfL Bochum,BOC,1848,Vonovia Ruhrstadion,Bochum
78,Bundesliga,2024,180,1. FC Heidenheim,HEI,1946,Voith-Arena,Heidenheim an der Brenz
78,Bundesliga,2024,182,Union Berlin,UNI,1966,Stadion An der Alten Försterei,Berlin
78,Bundesliga,2024,186,FC St. Pauli,PAU,1910,Millerntor-Stadion,Hamburg
78,Bundesliga,2024,191,Holstein Kiel,HOL,1900,Holstein-Stadion,Kiel
78,Bundesliga,2024,1660,SV Elversberg,ELV,1907,URSAPHARM-Arena an der Kaiserlinde,Spiesen-Elversberg
61,Ligue 1,2022,77,Angers,ANG,1919,Stade Raymond-Kopa,Angers
61,Ligue 1,2022,79,Lille,LIL,1944,Decathlon Arena - Stade Pierre-Mauroy,Villeneuve d&apos;Ascq
61,Ligue 1,2022,80,Lyon,LYO,1950,Groupama Stadium,Décines-Charpieu
61,Ligue 1,2022,81,Marseille,MAR,1899,Stade Orange Vélodrome,Marseille
61,Ligue 1,2022,82,Montpellier,MON,1974,Stade de la Mosson-Mondial 98,Montpellier
61,Ligue 1,2022,83,Nantes,NAN,1943,Stade de la Beaujoire - Louis Fonteneau,Nantes
61,Ligue 1,2022,84,Nice,NIC,1904,Allianz Riviera,Nice
61,Ligue 1,2022,85,Paris Saint Germain,PSG,1970,Parc des Princes,Paris
61,Ligue 1,2022,91,Monaco,MON,1919,Stade Louis-II,Monaco
61,Ligue 1,2022,93,Reims,REI,1909,Stade Auguste-Delaune,Reims
61,Ligue 1,2022,94,Rennes,REN,1901,Roazhon Park,Rennes
61,Ligue 1,2022,95,Strasbourg,STR,1906,Stade de la Meinau,Strasbourg
61,Ligue 1,2022,96,Toulouse,TOU,1937,Stadium de Toulouse,Toulouse
61,Ligue 1,2022,97,Lorient,LOR,1926,Stade du Moustoir - Yves Allainmat,Lorient
61,Ligue 1,2022,98,Ajaccio,AJA,1910,Stade Michel-Moretti,Ajaccio
61,Ligue 1,2022,99,Clermont Foot,CLE,1990,Stade Gabriel-Montpied,Clermont-Ferrand
61,Ligue 1,2022,106,Stade Brestois 29,BRE,1950,Stade Francis-Le Blé,Brest
61,Ligue 1,2022,108,Auxerre,AUX,1905,Stade de l'Abbé Deschamps,Auxerre
61,Ligue 1,2022,110,Estac Troyes,TRO,1986,Stade de l'Aube,Troyes
61,Ligue 1,2022,116,Lens,LEN,1906,Stade Bollaert-Delelis,Lens
61,Ligue 1,2023,79,Lille,LIL,1944,Decathlon Arena - Stade Pierre-Mauroy,Villeneuve d&apos;Ascq
61,Ligue 1,2023,80,Lyon,LYO,1950,Groupama Stadium,Décines-Charpieu
61,Ligue 1,2023,81,Marseille,MAR,1899,Stade Orange Vélodrome,Marseille
61,Ligue 1,2023,82,Montpellier,MON,1974,Stade de la Mosson-Mondial 98,Montpellier
61,Ligue 1,2023,83,Nantes,NAN,1943,Stade de la Beaujoire - Louis Fonteneau,Nantes
61,Ligue 1,2023,84,Nice,NIC,1904,Allianz Riviera,Nice
61,Ligue 1,2023,85,Paris Saint Germain,PSG,1970,Parc des Princes,Paris
61,Ligue 1,2023,91,Monaco,MON,1919,Stade Louis-II,Monaco
61,Ligue 1,2023,93,Reims,REI,1909,Stade Auguste-Delaune,Reims
61,Ligue 1,2023,94,Rennes,REN,1901,Roazhon Park,Rennes
61,Ligue 1,2023,95,Strasbourg,STR,1906,Stade de la Meinau,Strasbourg
61,Ligue 1,2023,96,Toulouse,TOU,1937,Stadium de Toulouse,Toulouse
61,Ligue 1,2023,97,Lorient,LOR,1926,Stade du Moustoir - Yves Allainmat,Lorient
61,Ligue 1,2023,99,Clermont Foot,CLE,1990,Stade Gabriel-Montpied,Clermont-Ferrand
61,Ligue 1,2023,106,Stade Brestois 29,BRE,1950,Stade Francis-Le Blé,Brest
61,Ligue 1,2023,111,Le Havre,HAV,1872,Stade Océane,Le Havre
61,Ligue 1,2023,112,Metz,MET,1932,Stade Saint-Symphorien,Longeville-lès-Metz
61,Ligue 1,2023,116,Lens,LEN,1906,Stade Bollaert-Delelis,Lens
61,Ligue 1,2023,1063,Saint Etienne,ETI,1920,Stade Geoffroy-Guichard,Saint-Ètienne
